id;curso;asignatura;tema;concepto;nivel;tipo;pregunta;opciones;respuesta_correcta;extra;activa
Q000481;3EP;Lengua;vocabulario;sinonimos;1;test;¿Qué palabra significa lo mismo que «alegre»?;contento|triste|feo|lento;contento;Los sinónimos son palabras con un significado igual o muy parecido.;1
Q000482;3EP;Lengua;vocabulario;sinonimos;1;completar;Completa con un sinónimo: «bonito» significa casi lo mismo que ___.;hermoso|triste|cerrar|perder;hermoso;Busca la palabra cuyo significado se parece más.;1
Q000483;3EP;Lengua;vocabulario;sinonimos;1;escribir;Escribe un sinónimo de «rápido».;;veloz;Una respuesta válida es «veloz».;1
Q000484;3EP;Lengua;vocabulario;sinonimos;1;test;¿Qué palabra significa lo mismo que «enfadado»?;molesto|triste|feo|lento;molesto;Los sinónimos son palabras con un significado igual o muy parecido.;1
Q000485;3EP;Lengua;vocabulario;sinonimos;1;completar;Completa con un sinónimo: «grande» significa casi lo mismo que ___.;enorme|triste|cerrar|perder;enorme;Busca la palabra cuyo significado se parece más.;1
Q000486;3EP;Lengua;vocabulario;sinonimos;1;escribir;Escribe un sinónimo de «pequeño».;;diminuto;Una respuesta válida es «diminuto».;1
Q000487;3EP;Lengua;vocabulario;sinonimos;1;test;¿Qué palabra significa lo mismo que «comenzar»?;empezar|triste|feo|lento;empezar;Los sinónimos son palabras con un significado igual o muy parecido.;1
Q000488;3EP;Lengua;vocabulario;sinonimos;1;completar;Completa con un sinónimo: «terminar» significa casi lo mismo que ___.;acabar|triste|cerrar|perder;acabar;Busca la palabra cuyo significado se parece más.;1
Q000489;3EP;Lengua;vocabulario;sinonimos;1;escribir;Escribe un sinónimo de «hablar».;;conversar;Una respuesta válida es «conversar».;1
Q000490;3EP;Lengua;vocabulario;sinonimos;1;test;¿Qué palabra significa lo mismo que «mirar»?;observar|triste|feo|lento;observar;Los sinónimos son palabras con un significado igual o muy parecido.;1
Q000491;3EP;Lengua;vocabulario;sinonimos;1;completar;Completa con un sinónimo: «saltar» significa casi lo mismo que ___.;brincar|triste|cerrar|perder;brincar;Busca la palabra cuyo significado se parece más.;1
Q000492;3EP;Lengua;vocabulario;sinonimos;1;escribir;Escribe un sinónimo de «caminar».;;andar;Una respuesta válida es «andar».;1
Q000493;3EP;Lengua;vocabulario;sinonimos;1;test;¿Qué palabra significa lo mismo que «regalo»?;obsequio|triste|feo|lento;obsequio;Los sinónimos son palabras con un significado igual o muy parecido.;1
Q000494;3EP;Lengua;vocabulario;sinonimos;1;completar;Completa con un sinónimo: «casa» significa casi lo mismo que ___.;hogar|triste|cerrar|perder;hogar;Busca la palabra cuyo significado se parece más.;1
Q000495;3EP;Lengua;vocabulario;sinonimos;1;escribir;Escribe un sinónimo de «colegio».;;escuela;Una respuesta válida es «escuela».;1
Q000496;3EP;Lengua;vocabulario;sinonimos;1;test;¿Qué palabra significa lo mismo que «maestro»?;profesor|triste|feo|lento;profesor;Los sinónimos son palabras con un significado igual o muy parecido.;1
Q000497;3EP;Lengua;vocabulario;sinonimos;1;completar;Completa con un sinónimo: «coche» significa casi lo mismo que ___.;automóvil|triste|cerrar|perder;automóvil;Busca la palabra cuyo significado se parece más.;1
Q000498;3EP;Lengua;vocabulario;sinonimos;1;escribir;Escribe un sinónimo de «sendero».;;camino;Una respuesta válida es «camino».;1
Q000499;3EP;Lengua;vocabulario;sinonimos;1;test;¿Qué palabra significa lo mismo que «feliz»?;dichoso|triste|feo|lento;dichoso;Los sinónimos son palabras con un significado igual o muy parecido.;1
Q000500;3EP;Lengua;vocabulario;sinonimos;1;completar;Completa con un sinónimo: «asustado» significa casi lo mismo que ___.;atemorizado|triste|cerrar|perder;atemorizado;Busca la palabra cuyo significado se parece más.;1
Q000501;3EP;Lengua;vocabulario;sinonimos;1;escribir;Escribe un sinónimo de «fácil».;;sencillo;Una respuesta válida es «sencillo».;1
Q000502;3EP;Lengua;vocabulario;sinonimos;1;test;¿Qué palabra significa lo mismo que «difícil»?;complicado|triste|feo|lento;complicado;Los sinónimos son palabras con un significado igual o muy parecido.;1
Q000503;3EP;Lengua;vocabulario;sinonimos;2;completar;Completa con un sinónimo: «limpio» significa casi lo mismo que ___.;aseado|triste|cerrar|perder;aseado;Busca la palabra cuyo significado se parece más.;1
Q000504;3EP;Lengua;vocabulario;sinonimos;2;escribir;Escribe un sinónimo de «listo».;;inteligente;Una respuesta válida es «inteligente».;1
Q000505;3EP;Lengua;vocabulario;sinonimos;2;test;¿Qué palabra significa lo mismo que «delgado»?;flaco|triste|feo|lento;flaco;Los sinónimos son palabras con un significado igual o muy parecido.;1
Q000506;3EP;Lengua;vocabulario;sinonimos;2;completar;Completa con un sinónimo: «fuerte» significa casi lo mismo que ___.;robusto|triste|cerrar|perder;robusto;Busca la palabra cuyo significado se parece más.;1
Q000507;3EP;Lengua;vocabulario;sinonimos;2;escribir;Escribe un sinónimo de «ruido».;;sonido;Una respuesta válida es «sonido».;1
Q000508;3EP;Lengua;vocabulario;sinonimos;2;test;¿Qué palabra significa lo mismo que «escoger»?;elegir|triste|feo|lento;elegir;Los sinónimos son palabras con un significado igual o muy parecido.;1
Q000509;3EP;Lengua;vocabulario;sinonimos;2;completar;Completa con un sinónimo: «contestar» significa casi lo mismo que ___.;responder|triste|cerrar|perder;responder;Busca la palabra cuyo significado se parece más.;1
Q000510;3EP;Lengua;vocabulario;sinonimos;2;escribir;Escribe un sinónimo de «ayudar».;;socorrer;Una respuesta válida es «socorrer».;1
Q000511;3EP;Lengua;vocabulario;sinonimos;2;test;¿Qué palabra significa lo mismo que «guardar»?;conservar|triste|feo|lento;conservar;Los sinónimos son palabras con un significado igual o muy parecido.;1
Q000512;3EP;Lengua;vocabulario;sinonimos;2;completar;Completa con un sinónimo: «hallar» significa casi lo mismo que ___.;encontrar|triste|cerrar|perder;encontrar;Busca la palabra cuyo significado se parece más.;1
Q000513;3EP;Lengua;vocabulario;sinonimos;2;escribir;Escribe un sinónimo de «subir».;;ascender;Una respuesta válida es «ascender».;1
Q000514;3EP;Lengua;vocabulario;sinonimos;2;test;¿Qué palabra significa lo mismo que «bajar»?;descender|triste|feo|lento;descender;Los sinónimos son palabras con un significado igual o muy parecido.;1
Q000515;3EP;Lengua;vocabulario;sinonimos;2;completar;Completa con un sinónimo: «romper» significa casi lo mismo que ___.;quebrar|triste|cerrar|perder;quebrar;Busca la palabra cuyo significado se parece más.;1
Q000516;3EP;Lengua;vocabulario;sinonimos;2;escribir;Escribe un sinónimo de «unir».;;juntar;Una respuesta válida es «juntar».;1
Q000517;3EP;Lengua;vocabulario;sinonimos;2;test;¿Qué palabra significa lo mismo que «querer»?;desear|triste|feo|lento;desear;Los sinónimos son palabras con un significado igual o muy parecido.;1
Q000518;3EP;Lengua;vocabulario;sinonimos;2;completar;Completa con un sinónimo: «usar» significa casi lo mismo que ___.;utilizar|triste|cerrar|perder;utilizar;Busca la palabra cuyo significado se parece más.;1
Q000519;3EP;Lengua;vocabulario;sinonimos;2;escribir;Escribe un sinónimo de «ocultar».;;esconder;Una respuesta válida es «esconder».;1
Q000520;3EP;Lengua;vocabulario;sinonimos;2;test;¿Qué palabra significa lo mismo que «enseñar»?;mostrar|triste|feo|lento;mostrar;Los sinónimos son palabras con un significado igual o muy parecido.;1
Q000521;3EP;Lengua;vocabulario;sinonimos;2;completar;Completa con un sinónimo: «viejo» significa casi lo mismo que ___.;antiguo|triste|cerrar|perder;antiguo;Busca la palabra cuyo significado se parece más.;1
Q000522;3EP;Lengua;vocabulario;sinonimos;2;escribir;Escribe un sinónimo de «nuevo».;;reciente;Una respuesta válida es «reciente».;1
Q000523;3EP;Lengua;vocabulario;sinonimos;2;test;¿Qué palabra significa lo mismo que «cercano»?;próximo|triste|feo|lento;próximo;Los sinónimos son palabras con un significado igual o muy parecido.;1
Q000524;3EP;Lengua;vocabulario;sinonimos;2;completar;Completa con un sinónimo: «lejano» significa casi lo mismo que ___.;distante|triste|cerrar|perder;distante;Busca la palabra cuyo significado se parece más.;1
Q000525;3EP;Lengua;vocabulario;sinonimos;3;escribir;Escribe un sinónimo de «vacío».;;hueco;Una respuesta válida es «hueco».;1
Q000526;3EP;Lengua;vocabulario;sinonimos;3;test;¿Qué palabra significa lo mismo que «brillante»?;luminoso|triste|feo|lento;luminoso;Los sinónimos son palabras con un significado igual o muy parecido.;1
Q000527;3EP;Lengua;vocabulario;sinonimos;3;completar;Completa con un sinónimo: «oscuro» significa casi lo mismo que ___.;sombrío|triste|cerrar|perder;sombrío;Busca la palabra cuyo significado se parece más.;1
Q000528;3EP;Lengua;vocabulario;sinonimos;3;escribir;Escribe un sinónimo de «tranquilo».;;calmado;Una respuesta válida es «calmado».;1
Q000529;3EP;Lengua;vocabulario;sinonimos;3;test;¿Qué palabra significa lo mismo que «amable»?;cariñoso|triste|feo|lento;cariñoso;Los sinónimos son palabras con un significado igual o muy parecido.;1
Q000530;3EP;Lengua;vocabulario;sinonimos;3;completar;Completa con un sinónimo: «valiente» significa casi lo mismo que ___.;atrevido|triste|cerrar|perder;atrevido;Busca la palabra cuyo significado se parece más.;1
Q000531;3EP;Lengua;vocabulario;sinonimos;3;escribir;Escribe un sinónimo de «sabroso».;;rico;Una respuesta válida es «rico».;1
Q000532;3EP;Lengua;vocabulario;sinonimos;3;test;¿Qué palabra significa lo mismo que «enorme»?;gigante|triste|feo|lento;gigante;Los sinónimos son palabras con un significado igual o muy parecido.;1
Q000533;3EP;Lengua;vocabulario;sinonimos;3;completar;Completa con un sinónimo: «mojado» significa casi lo mismo que ___.;húmedo|triste|cerrar|perder;húmedo;Busca la palabra cuyo significado se parece más.;1
Q000534;3EP;Lengua;vocabulario;sinonimos;3;escribir;Escribe un sinónimo de «seco».;;árido;Una respuesta válida es «árido».;1
Q000535;3EP;Lengua;vocabulario;sinonimos;3;test;¿Qué palabra significa lo mismo que «gritar»?;chillar|triste|feo|lento;chillar;Los sinónimos son palabras con un significado igual o muy parecido.;1
Q000536;3EP;Lengua;vocabulario;sinonimos;3;completar;Completa con un sinónimo: «reír» significa casi lo mismo que ___.;sonreír|triste|cerrar|perder;sonreír;Busca la palabra cuyo significado se parece más.;1
Q000537;3EP;Lengua;vocabulario;sinonimos;3;escribir;Escribe un sinónimo de «pedir».;;solicitar;Una respuesta válida es «solicitar».;1
Q000538;3EP;Lengua;vocabulario;sinonimos;3;test;¿Qué palabra significa lo mismo que «tapar»?;cubrir|triste|feo|lento;cubrir;Los sinónimos son palabras con un significado igual o muy parecido.;1
Q000539;3EP;Lengua;vocabulario;sinonimos;3;completar;Completa con un sinónimo: «cuidar» significa casi lo mismo que ___.;proteger|triste|cerrar|perder;proteger;Busca la palabra cuyo significado se parece más.;1
Q000540;3EP;Lengua;vocabulario;sinonimos;3;escribir;Escribe un sinónimo de «arreglar».;;reparar;Una respuesta válida es «reparar».;1
Q000541;3EP;Lengua;vocabulario;sinonimos;3;test;¿Qué palabra significa lo mismo que «tirar»?;lanzar|triste|feo|lento;lanzar;Los sinónimos son palabras con un significado igual o muy parecido.;1
Q000542;3EP;Lengua;vocabulario;sinonimos;3;completar;Completa con un sinónimo: «pronto» significa casi lo mismo que ___.;temprano|triste|cerrar|perder;temprano;Busca la palabra cuyo significado se parece más.;1
Q000543;3EP;Lengua;vocabulario;sinonimos;3;escribir;Escribe un sinónimo de «despacio».;;lentamente;Una respuesta válida es «lentamente».;1
Q000544;3EP;Lengua;vocabulario;sinonimos;3;test;¿Qué palabra significa lo mismo que «jamás»?;nunca|triste|feo|lento;nunca;Los sinónimos son palabras con un significado igual o muy parecido.;1
Q000545;3EP;Lengua;ortografia;ca_que_qui_co_cu;1;completar;Completa la palabra: ___sa;ca|que|qui|co|cu;ca;Elige entre ca, que, qui, co y cu.;1
Q000546;3EP;Lengua;ortografia;ca_que_qui_co_cu;1;test;¿Con qué grupo se completa correctamente «___mino»?;ca|que|qui|co|cu;ca;Recuerda: que y qui se escriben con u, pero la u no suena.;1
Q000547;3EP;Lengua;ortografia;ca_que_qui_co_cu;1;escribir;Escribe correctamente la palabra incompleta: ___ballo;;caballo;Fíjate en el sonido y decide si necesitas ca, que, qui, co o cu.;1
Q000548;3EP;Lengua;ortografia;ca_que_qui_co_cu;1;completar;Completa la palabra: ___misa;ca|que|qui|co|cu;ca;Elige entre ca, que, qui, co y cu.;1
Q000549;3EP;Lengua;ortografia;ca_que_qui_co_cu;1;test;¿Con qué grupo se completa correctamente «___ma»?;ca|que|qui|co|cu;ca;Recuerda: que y qui se escriben con u, pero la u no suena.;1
Q000550;3EP;Lengua;ortografia;ca_que_qui_co_cu;1;escribir;Escribe correctamente la palabra incompleta: ___racol;;caracol;Fíjate en el sonido y decide si necesitas ca, que, qui, co o cu.;1
Q000551;3EP;Lengua;ortografia;ca_que_qui_co_cu;1;completar;Completa la palabra: ___stillo;ca|que|qui|co|cu;ca;Elige entre ca, que, qui, co y cu.;1
Q000552;3EP;Lengua;ortografia;ca_que_qui_co_cu;1;test;¿Con qué grupo se completa correctamente «___mpana»?;ca|que|qui|co|cu;ca;Recuerda: que y qui se escriben con u, pero la u no suena.;1
Q000553;3EP;Lengua;ortografia;ca_que_qui_co_cu;1;escribir;Escribe correctamente la palabra incompleta: ___nguro;;canguro;Fíjate en el sonido y decide si necesitas ca, que, qui, co o cu.;1
Q000554;3EP;Lengua;ortografia;ca_que_qui_co_cu;1;completar;Completa la palabra: ___rpeta;ca|que|qui|co|cu;ca;Elige entre ca, que, qui, co y cu.;1
Q000555;3EP;Lengua;ortografia;ca_que_qui_co_cu;1;test;¿Con qué grupo se completa correctamente «___so»?;ca|que|qui|co|cu;que;Recuerda: que y qui se escriben con u, pero la u no suena.;1
Q000556;3EP;Lengua;ortografia;ca_que_qui_co_cu;1;escribir;Escribe correctamente la palabra incompleta: ___rer;;querer;Fíjate en el sonido y decide si necesitas ca, que, qui, co o cu.;1
Q000557;3EP;Lengua;ortografia;ca_que_qui_co_cu;1;completar;Completa la palabra: pa___te;ca|que|qui|co|cu;que;Elige entre ca, que, qui, co y cu.;1
Q000558;3EP;Lengua;ortografia;ca_que_qui_co_cu;1;test;¿Con qué grupo se completa correctamente «ra___ta»?;ca|que|qui|co|cu;que;Recuerda: que y qui se escriben con u, pero la u no suena.;1
Q000559;3EP;Lengua;ortografia;ca_que_qui_co_cu;1;escribir;Escribe correctamente la palabra incompleta: bos___;;bosque;Fíjate en el sonido y decide si necesitas ca, que, qui, co o cu.;1
Q000560;3EP;Lengua;ortografia;ca_que_qui_co_cu;1;completar;Completa la palabra: pe___ño;ca|que|qui|co|cu;que;Elige entre ca, que, qui, co y cu.;1
Q000561;3EP;Lengua;ortografia;ca_que_qui_co_cu;1;test;¿Con qué grupo se completa correctamente «es___leto»?;ca|que|qui|co|cu;que;Recuerda: que y qui se escriben con u, pero la u no suena.;1
Q000562;3EP;Lengua;ortografia;ca_que_qui_co_cu;1;escribir;Escribe correctamente la palabra incompleta: ban___te;;banquete;Fíjate en el sonido y decide si necesitas ca, que, qui, co o cu.;1
Q000563;3EP;Lengua;ortografia;ca_que_qui_co_cu;1;completar;Completa la palabra: mos___to;ca|que|qui|co|cu;qui;Elige entre ca, que, qui, co y cu.;1
Q000564;3EP;Lengua;ortografia;ca_que_qui_co_cu;1;test;¿Con qué grupo se completa correctamente «___nce»?;ca|que|qui|co|cu;qui;Recuerda: que y qui se escriben con u, pero la u no suena.;1
Q000565;3EP;Lengua;ortografia;ca_que_qui_co_cu;1;escribir;Escribe correctamente la palabra incompleta: e___po;;equipo;Fíjate en el sonido y decide si necesitas ca, que, qui, co o cu.;1
Q000566;3EP;Lengua;ortografia;ca_que_qui_co_cu;1;completar;Completa la palabra: es___na;ca|que|qui|co|cu;qui;Elige entre ca, que, qui, co y cu.;1
Q000567;3EP;Lengua;ortografia;ca_que_qui_co_cu;2;test;¿Con qué grupo se completa correctamente «má___na»?;ca|que|qui|co|cu;qui;Recuerda: que y qui se escriben con u, pero la u no suena.;1
Q000568;3EP;Lengua;ortografia;ca_que_qui_co_cu;2;escribir;Escribe correctamente la palabra incompleta: lí___do;;líquido;Fíjate en el sonido y decide si necesitas ca, que, qui, co o cu.;1
Q000569;3EP;Lengua;ortografia;ca_que_qui_co_cu;2;completar;Completa la palabra: ___tar;ca|que|qui|co|cu;qui;Elige entre ca, que, qui, co y cu.;1
Q000570;3EP;Lengua;ortografia;ca_que_qui_co_cu;2;test;¿Con qué grupo se completa correctamente «___zá»?;ca|que|qui|co|cu;qui;Recuerda: que y qui se escriben con u, pero la u no suena.;1
Q000571;3EP;Lengua;ortografia;ca_que_qui_co_cu;2;escribir;Escribe correctamente la palabra incompleta: ___che;;coche;Fíjate en el sonido y decide si necesitas ca, que, qui, co o cu.;1
Q000572;3EP;Lengua;ortografia;ca_que_qui_co_cu;2;completar;Completa la palabra: ___meta;ca|que|qui|co|cu;co;Elige entre ca, que, qui, co y cu.;1
Q000573;3EP;Lengua;ortografia;ca_que_qui_co_cu;2;test;¿Con qué grupo se completa correctamente «___nejo»?;ca|que|qui|co|cu;co;Recuerda: que y qui se escriben con u, pero la u no suena.;1
Q000574;3EP;Lengua;ortografia;ca_que_qui_co_cu;2;escribir;Escribe correctamente la palabra incompleta: ___legio;;colegio;Fíjate en el sonido y decide si necesitas ca, que, qui, co o cu.;1
Q000575;3EP;Lengua;ortografia;ca_que_qui_co_cu;2;completar;Completa la palabra: ___cina;ca|que|qui|co|cu;co;Elige entre ca, que, qui, co y cu.;1
Q000576;3EP;Lengua;ortografia;ca_que_qui_co_cu;2;test;¿Con qué grupo se completa correctamente «___rona»?;ca|que|qui|co|cu;co;Recuerda: que y qui se escriben con u, pero la u no suena.;1
Q000577;3EP;Lengua;ortografia;ca_que_qui_co_cu;2;escribir;Escribe correctamente la palabra incompleta: ___lina;;colina;Fíjate en el sonido y decide si necesitas ca, que, qui, co o cu.;1
Q000578;3EP;Lengua;ortografia;ca_que_qui_co_cu;2;completar;Completa la palabra: ___llar;ca|que|qui|co|cu;co;Elige entre ca, que, qui, co y cu.;1
Q000579;3EP;Lengua;ortografia;ca_que_qui_co_cu;2;test;¿Con qué grupo se completa correctamente «___pa»?;ca|que|qui|co|cu;co;Recuerda: que y qui se escriben con u, pero la u no suena.;1
Q000580;3EP;Lengua;ortografia;ca_que_qui_co_cu;2;escribir;Escribe correctamente la palabra incompleta: ___do;;codo;Fíjate en el sonido y decide si necesitas ca, que, qui, co o cu.;1
Q000581;3EP;Lengua;ortografia;ca_que_qui_co_cu;2;completar;Completa la palabra: ___na;ca|que|qui|co|cu;cu;Elige entre ca, que, qui, co y cu.;1
Q000582;3EP;Lengua;ortografia;ca_que_qui_co_cu;2;test;¿Con qué grupo se completa correctamente «___bo»?;ca|que|qui|co|cu;cu;Recuerda: que y qui se escriben con u, pero la u no suena.;1
Q000583;3EP;Lengua;ortografia;ca_que_qui_co_cu;2;escribir;Escribe correctamente la palabra incompleta: ___chara;;cuchara;Fíjate en el sonido y decide si necesitas ca, que, qui, co o cu.;1
Q000584;3EP;Lengua;ortografia;ca_que_qui_co_cu;2;completar;Completa la palabra: ___ento;ca|que|qui|co|cu;cu;Elige entre ca, que, qui, co y cu.;1
Q000585;3EP;Lengua;ortografia;ca_que_qui_co_cu;2;test;¿Con qué grupo se completa correctamente «___aderno»?;ca|que|qui|co|cu;cu;Recuerda: que y qui se escriben con u, pero la u no suena.;1
Q000586;3EP;Lengua;ortografia;ca_que_qui_co_cu;2;escribir;Escribe correctamente la palabra incompleta: ___adro;;cuadro;Fíjate en el sonido y decide si necesitas ca, que, qui, co o cu.;1
Q000587;3EP;Lengua;ortografia;ca_que_qui_co_cu;2;completar;Completa la palabra: ___idado;ca|que|qui|co|cu;cu;Elige entre ca, que, qui, co y cu.;1
Q000588;3EP;Lengua;ortografia;ca_que_qui_co_cu;2;test;¿Con qué grupo se completa correctamente «___rva»?;ca|que|qui|co|cu;cu;Recuerda: que y qui se escriben con u, pero la u no suena.;1
Q000589;3EP;Lengua;ortografia;ca_que_qui_co_cu;3;escribir;Escribe correctamente la palabra incompleta: ___bierto;;cubierto;Fíjate en el sonido y decide si necesitas ca, que, qui, co o cu.;1
Q000590;3EP;Lengua;ortografia;ca_que_qui_co_cu;3;completar;Completa la palabra: ___mpleaños;ca|que|qui|co|cu;cu;Elige entre ca, que, qui, co y cu.;1
Q000591;3EP;Lengua;ortografia;ca_que_qui_co_cu;3;test;¿Con qué grupo se completa correctamente «cha___ta»?;ca|que|qui|co|cu;que;Recuerda: que y qui se escriben con u, pero la u no suena.;1
Q000592;3EP;Lengua;ortografia;ca_que_qui_co_cu;3;escribir;Escribe correctamente la palabra incompleta: eti___ta;;etiqueta;Fíjate en el sonido y decide si necesitas ca, que, qui, co o cu.;1
Q000593;3EP;Lengua;ortografia;ca_que_qui_co_cu;3;completar;Completa la palabra: cro___ta;ca|que|qui|co|cu;que;Elige entre ca, que, qui, co y cu.;1
Q000594;3EP;Lengua;ortografia;ca_que_qui_co_cu;3;test;¿Con qué grupo se completa correctamente «mante___lla»?;ca|que|qui|co|cu;qui;Recuerda: que y qui se escriben con u, pero la u no suena.;1
Q000595;3EP;Lengua;ortografia;ca_que_qui_co_cu;3;escribir;Escribe correctamente la palabra incompleta: ta___lla;;taquilla;Fíjate en el sonido y decide si necesitas ca, que, qui, co o cu.;1
Q000596;3EP;Lengua;ortografia;ca_que_qui_co_cu;3;completar;Completa la palabra: bar___to;ca|que|qui|co|cu;qui;Elige entre ca, que, qui, co y cu.;1
Q000597;3EP;Lengua;ortografia;ca_que_qui_co_cu;3;test;¿Con qué grupo se completa correctamente «va___ta»?;ca|que|qui|co|cu;qui;Recuerda: que y qui se escriben con u, pero la u no suena.;1
Q000598;3EP;Lengua;ortografia;ca_que_qui_co_cu;3;escribir;Escribe correctamente la palabra incompleta: po___to;;poquito;Fíjate en el sonido y decide si necesitas ca, que, qui, co o cu.;1
Q000599;3EP;Lengua;ortografia;ca_que_qui_co_cu;3;completar;Completa la palabra: cas___;ca|que|qui|co|cu;co;Elige entre ca, que, qui, co y cu.;1
Q000600;3EP;Lengua;ortografia;ca_que_qui_co_cu;3;test;¿Con qué grupo se completa correctamente «___sta»?;ca|que|qui|co|cu;co;Recuerda: que y qui se escriben con u, pero la u no suena.;1
Q000601;3EP;Lengua;ortografia;ca_que_qui_co_cu;3;escribir;Escribe correctamente la palabra incompleta: ___lumpio;;columpio;Fíjate en el sonido y decide si necesitas ca, que, qui, co o cu.;1
Q000602;3EP;Lengua;ortografia;ca_que_qui_co_cu;3;completar;Completa la palabra: ___labaza;ca|que|qui|co|cu;ca;Elige entre ca, que, qui, co y cu.;1
Q000603;3EP;Lengua;ortografia;ca_que_qui_co_cu;3;test;¿Con qué grupo se completa correctamente «___maleón»?;ca|que|qui|co|cu;ca;Recuerda: que y qui se escriben con u, pero la u no suena.;1
Q000604;3EP;Lengua;ortografia;ca_que_qui_co_cu;3;escribir;Escribe correctamente la palabra incompleta: ___lcetín;;calcetín;Fíjate en el sonido y decide si necesitas ca, que, qui, co o cu.;1
Q000605;3EP;Lengua;ortografia;ca_que_qui_co_cu;3;completar;Completa la palabra: ___chillo;ca|que|qui|co|cu;cu;Elige entre ca, que, qui, co y cu.;1
Q000606;3EP;Lengua;ortografia;ca_que_qui_co_cu;3;test;¿Con qué grupo se completa correctamente «___atro»?;ca|que|qui|co|cu;cu;Recuerda: que y qui se escriben con u, pero la u no suena.;1
Q000607;3EP;Lengua;ortografia;ca_que_qui_co_cu;3;escribir;Escribe correctamente la palabra incompleta: ___adrado;;cuadrado;Fíjate en el sonido y decide si necesitas ca, que, qui, co o cu.;1
Q000608;3EP;Lengua;ortografia;ca_que_qui_co_cu;3;completar;Completa la palabra: ___sito;ca|que|qui|co|cu;que;Elige entre ca, que, qui, co y cu.;1
Q000609;3EP;Lengua;comunicacion;comunicacion_y_lenguas;1;test;¿Cuál es una forma de comunicación oral?;hablar|dibujar una señal|escribir una nota|hacer un cartel;hablar;Al hablar usamos la voz.;1
Q000610;3EP;Lengua;comunicacion;comunicacion_y_lenguas;1;test;¿Cuál es una forma de comunicación escrita?;una carta|una conversación|un aplauso|un gesto;una carta;La escritura usa letras y palabras.;1
Q000611;3EP;Lengua;comunicacion;comunicacion_y_lenguas;1;test;Si saludas con la mano sin hablar, ¿cómo te comunicas?;con un gesto|con una carta|con una llamada|con un cuento;con un gesto;Los gestos también comunican.;1
Q000612;3EP;Lengua;comunicacion;comunicacion_y_lenguas;1;test;¿Qué usamos principalmente en la comunicación oral?;la voz|un lápiz|una pantalla|una bandera;la voz;La comunicación oral se realiza hablando.;1
Q000613;3EP;Lengua;comunicacion;comunicacion_y_lenguas;1;test;¿Qué usamos para escribir un mensaje?;palabras escritas|solo gestos|solo sonidos|solo dibujos;palabras escritas;Un mensaje escrito se forma con palabras.;1
Q000614;3EP;Lengua;comunicacion;comunicacion_y_lenguas;1;test;Un semáforo comunica mediante...;luces de colores|palabras habladas|una carta|un cuento;luces de colores;Los colores del semáforo transmiten información.;1
Q000615;3EP;Lengua;comunicacion;comunicacion_y_lenguas;1;test;Una señal de STOP sirve para...;dar una indicación|contar un chiste|cantar una canción|hacer una pregunta;dar una indicación;Las señales transmiten mensajes.;1
Q000616;3EP;Lengua;comunicacion;comunicacion_y_lenguas;1;test;¿Quién envía un mensaje?;el emisor|el receptor|el diccionario|el idioma;el emisor;El emisor produce o envía el mensaje.;1
Q000617;3EP;Lengua;comunicacion;comunicacion_y_lenguas;1;test;¿Quién recibe un mensaje?;el receptor|el emisor|el alfabeto|el gesto;el receptor;El receptor recibe el mensaje.;1
Q000618;3EP;Lengua;comunicacion;comunicacion_y_lenguas;1;test;¿Cuál de estas situaciones es comunicación?;una niña cuenta algo a su amigo|una piedra está en el suelo|una mesa está vacía|una nube pasa por el cielo;una niña cuenta algo a su amigo;Para comunicarnos transmitimos información.;1
Q000619;3EP;Lengua;comunicacion;comunicacion_y_lenguas;1;test;¿Cuál de estas es una lengua hablada en España?;castellano|italiano|japonés|alemán;castellano;El castellano se habla en toda España.;1
Q000620;3EP;Lengua;comunicacion;comunicacion_y_lenguas;1;test;¿Qué lengua se habla también en Cataluña?;catalán|alemán|japonés|ruso;catalán;En Cataluña se hablan castellano y catalán, entre otras lenguas.;1
Q000621;3EP;Lengua;comunicacion;comunicacion_y_lenguas;1;test;¿Qué lengua se habla también en Galicia?;gallego|francés|chino|inglés;gallego;En Galicia se hablan castellano y gallego.;1
Q000622;3EP;Lengua;comunicacion;comunicacion_y_lenguas;1;test;¿Qué lengua se habla también en el País Vasco?;euskera|italiano|portugués|árabe;euskera;En el País Vasco se hablan castellano y euskera.;1
Q000623;3EP;Lengua;comunicacion;comunicacion_y_lenguas;1;test;¿Cuál de estas lenguas se habla fuera de España?;japonés|gallego|catalán|euskera;japonés;El japonés es la lengua principal de Japón.;1
Q000624;3EP;Lengua;comunicacion;comunicacion_y_lenguas;1;test;¿Qué lengua se habla principalmente en Francia?;francés|italiano|alemán|portugués;francés;En Francia la lengua oficial es el francés.;1
Q000625;3EP;Lengua;comunicacion;comunicacion_y_lenguas;1;test;¿Qué lengua se habla principalmente en Italia?;italiano|francés|inglés|gallego;italiano;En Italia la lengua oficial es el italiano.;1
Q000626;3EP;Lengua;comunicacion;comunicacion_y_lenguas;1;test;¿Qué lengua se habla principalmente en Portugal?;portugués|alemán|catalán|italiano;portugués;En Portugal la lengua oficial es el portugués.;1
Q000627;3EP;Lengua;comunicacion;comunicacion_y_lenguas;1;test;¿Qué lengua se habla principalmente en Alemania?;alemán|francés|portugués|euskera;alemán;En Alemania la lengua oficial es el alemán.;1
Q000628;3EP;Lengua;comunicacion;comunicacion_y_lenguas;1;test;¿Qué puede transmitir información sin usar palabras?;un pictograma|un cuaderno cerrado|una piedra|un vaso vacío;un pictograma;Los pictogramas comunican mediante imágenes.;1
Q000629;3EP;Lengua;comunicacion;comunicacion_y_lenguas;1;test;Si tu profesora explica una lección hablando, la comunicación es...;oral|escrita|solo visual|musical;oral;Está usando la voz.;1
Q000630;3EP;Lengua;comunicacion;comunicacion_y_lenguas;2;test;Ana escribe una nota a Luis. ¿Quién es el emisor?;Ana|Luis|la nota|el papel;Ana;El emisor es quien envía el mensaje.;1
Q000631;3EP;Lengua;comunicacion;comunicacion_y_lenguas;2;test;Ana escribe una nota a Luis. ¿Quién es el receptor?;Luis|Ana|el lápiz|la mesa;Luis;El receptor es quien recibe el mensaje.;1
Q000632;3EP;Lengua;comunicacion;comunicacion_y_lenguas;2;test;En «Mamá me llama por teléfono», ¿qué canal permite que llegue la voz?;el teléfono|el idioma|la madre|el saludo;el teléfono;El canal es el medio por el que viaja el mensaje.;1
Q000633;3EP;Lengua;comunicacion;comunicacion_y_lenguas;2;test;¿Qué situación combina comunicación oral y gestual?;explicar algo mientras señalas un dibujo|leer en silencio|escribir una lista|mirar una pared;explicar algo mientras señalas un dibujo;Se usan la voz y los gestos a la vez.;1
Q000634;3EP;Lengua;comunicacion;comunicacion_y_lenguas;2;test;¿Qué opción comunica una prohibición sin una frase hablada?;una señal con un símbolo|una conversación|una llamada|un dictado;una señal con un símbolo;Los símbolos pueden transmitir prohibiciones.;1
Q000635;3EP;Lengua;comunicacion;comunicacion_y_lenguas;2;test;¿Para qué sirve una lengua?;para comunicarnos con otras personas|para medir distancias|para sumar números|para saber la hora;para comunicarnos con otras personas;Las lenguas son sistemas que usamos para comunicarnos.;1
Q000636;3EP;Lengua;comunicacion;comunicacion_y_lenguas;2;test;¿Cuál es la lengua oficial del Estado español?;castellano|francés|inglés|italiano;castellano;La Constitución denomina castellano a la lengua española oficial del Estado.;1
Q000637;3EP;Lengua;comunicacion;comunicacion_y_lenguas;2;test;Además del castellano, ¿qué lengua es propia de Galicia?;gallego|euskera|catalán|alemán;gallego;El gallego es una lengua propia de Galicia.;1
Q000638;3EP;Lengua;comunicacion;comunicacion_y_lenguas;2;test;Además del castellano, ¿qué lengua es propia del País Vasco?;euskera|gallego|francés|italiano;euskera;El euskera es una lengua propia del País Vasco.;1
Q000639;3EP;Lengua;comunicacion;comunicacion_y_lenguas;2;test;Además del castellano, ¿qué lengua es propia de Cataluña?;catalán|portugués|alemán|japonés;catalán;El catalán es una lengua propia de Cataluña.;1
Q000640;3EP;Lengua;comunicacion;comunicacion_y_lenguas;2;test;¿En qué país se habla portugués como lengua oficial?;Portugal|Italia|Francia|Alemania;Portugal;Portugal tiene el portugués como lengua oficial.;1
Q000641;3EP;Lengua;comunicacion;comunicacion_y_lenguas;2;test;¿En qué país se habla italiano como lengua oficial?;Italia|Portugal|Francia|Japón;Italia;Italia tiene el italiano como lengua oficial.;1
Q000642;3EP;Lengua;comunicacion;comunicacion_y_lenguas;2;test;¿En qué país se habla francés como lengua oficial?;Francia|Italia|Portugal|Japón;Francia;Francia tiene el francés como lengua oficial.;1
Q000643;3EP;Lengua;comunicacion;comunicacion_y_lenguas;2;test;¿En qué país se habla japonés?;Japón|Portugal|Italia|Alemania;Japón;El japonés es la lengua principal de Japón.;1
Q000644;3EP;Lengua;comunicacion;comunicacion_y_lenguas;2;test;¿Cuál de estos mensajes sería adecuado para avisar de un peligro?;¡Cuidado, suelo mojado!|Qué rico está el helado.|Mañana dibujo una casa.|Mi color favorito es azul.;¡Cuidado, suelo mojado!;El mensaje debe expresar claramente el aviso.;1
Q000645;3EP;Lengua;comunicacion;comunicacion_y_lenguas;2;test;Si no puedes hablar en una biblioteca, ¿qué forma de comunicación puede ser útil?;un mensaje escrito|gritar|tocar un tambor|cantar;un mensaje escrito;La escritura permite comunicar sin hacer ruido.;1
Q000646;3EP;Lengua;comunicacion;comunicacion_y_lenguas;2;test;Una sirena de ambulancia comunica principalmente mediante...;un sonido|una carta|un idioma escrito|un dibujo;un sonido;Algunos sonidos funcionan como señales.;1
Q000647;3EP;Lengua;comunicacion;comunicacion_y_lenguas;2;test;Una bandera roja en la playa puede comunicar...;una advertencia|una receta|un saludo escrito|una suma;una advertencia;Los colores y símbolos pueden transmitir avisos.;1
Q000648;3EP;Lengua;comunicacion;comunicacion_y_lenguas;2;test;¿Cuál es un ejemplo de lenguaje gestual?;levantar el pulgar para indicar que está bien|leer una noticia|hablar por teléfono|escribir un correo;levantar el pulgar para indicar que está bien;Los gestos transmiten mensajes con movimientos del cuerpo.;1
Q000649;3EP;Lengua;comunicacion;comunicacion_y_lenguas;2;test;Dos personas que hablan la misma lengua pueden...;entender mejor sus mensajes|leer la mente|hablar sin sonidos siempre|conocer todos los idiomas;entender mejor sus mensajes;Compartir una lengua facilita la comunicación.;1
Q000650;3EP;Lengua;comunicacion;comunicacion_y_lenguas;2;test;¿Qué opción contiene solo lenguas?;castellano, gallego y euskera|carta, gesto y señal|voz, lápiz y papel|España, Francia e Italia;castellano, gallego y euskera;Una lengua es un sistema de palabras y reglas para comunicarnos.;1
Q000651;3EP;Lengua;comunicacion;comunicacion_y_lenguas;3;test;En «Pablo dice a Marta: “Nos vemos a las cinco”», ¿cuál es el mensaje?;Nos vemos a las cinco|Pablo|Marta|la voz;Nos vemos a las cinco;El mensaje es la información que se transmite.;1
Q000652;3EP;Lengua;comunicacion;comunicacion_y_lenguas;3;test;En una conversación cara a cara, ¿quién puede ser emisor y receptor?;las dos personas por turnos|solo quien empieza|solo quien escucha primero|ninguna de las dos;las dos personas por turnos;En una conversación los papeles cambian al hablar y escuchar.;1
Q000653;3EP;Lengua;comunicacion;comunicacion_y_lenguas;3;test;¿Por qué un pictograma puede entenderse sin leer una frase?;porque usa una imagen con significado|porque siempre tiene muchas palabras|porque solo sirve para decorar|porque necesita una llamada;porque usa una imagen con significado;Las imágenes y símbolos también pueden comunicar.;1
Q000654;3EP;Lengua;comunicacion;comunicacion_y_lenguas;3;test;¿Qué medio elegirías para dejar un mensaje a alguien que llegará más tarde?;una nota escrita|un gesto que no verá|un aplauso ahora|una conversación con otra persona sin avisarle;una nota escrita;El mensaje escrito puede leerse después.;1
Q000655;3EP;Lengua;comunicacion;comunicacion_y_lenguas;3;test;¿Qué tienen en común el castellano, el catalán, el gallego y el euskera?;son lenguas que se hablan en España|se hablan solo fuera de Europa|son todas la misma lengua|solo se usan por escrito;son lenguas que se hablan en España;En España conviven varias lenguas.;1
Q000656;3EP;Lengua;comunicacion;comunicacion_y_lenguas;3;test;¿Cuál de estas afirmaciones es correcta?;En España se hablan varias lenguas.|En España solo existe una lengua.|El gallego se habla principalmente en Japón.|El euskera es una señal de tráfico.;En España se hablan varias lenguas.;España tiene diversidad lingüística.;1
Q000657;3EP;Lengua;comunicacion;comunicacion_y_lenguas;3;test;¿Cuál de estas afirmaciones es correcta sobre el castellano?;Se habla en España y también en muchos otros países.|Solo se habla en una ciudad.|Es un tipo de gesto.|No se puede escribir.;Se habla en España y también en muchos otros países.;El castellano se usa en España y en numerosos países, especialmente de América.;1
Q000658;3EP;Lengua;comunicacion;comunicacion_y_lenguas;3;test;Si una persona no entiende tu lengua, ¿qué puede ayudar a comunicar una idea sencilla?;un gesto o un pictograma claro|hablar cada vez más rápido|dar la espalda|no mostrar nada;un gesto o un pictograma claro;Los gestos y pictogramas pueden apoyar la comunicación.;1
Q000659;3EP;Lengua;comunicacion;comunicacion_y_lenguas;3;test;¿Cuál es la diferencia principal entre hablar y escribir?;al hablar usamos la voz y al escribir usamos signos gráficos|hablar siempre necesita papel|escribir siempre necesita sonido|no hay ninguna diferencia;al hablar usamos la voz y al escribir usamos signos gráficos;Son dos formas diferentes de expresar mensajes.;1
Q000660;3EP;Lengua;comunicacion;comunicacion_y_lenguas;3;test;¿Qué elemento falta si alguien prepara un mensaje pero nadie lo recibe?;un receptor|un alfabeto nuevo|una bandera|un dibujo;un receptor;El receptor es quien recibe el mensaje.;1
Q000661;3EP;Lengua;comunicacion;comunicacion_y_lenguas;3;test;En un cartel que dice «Silencio», la palabra escrita es...;el mensaje|el receptor|el emisor|la persona que lee;el mensaje;El mensaje es la información que comunica el cartel.;1
Q000662;3EP;Lengua;comunicacion;comunicacion_y_lenguas;3;test;¿Qué opción muestra comunicación no verbal?;un policía dirige el tráfico con movimientos de brazos|una niña lee un poema en voz alta|un niño escribe una historia|dos amigos hablan por teléfono;un policía dirige el tráfico con movimientos de brazos;La comunicación no verbal puede hacerse con gestos.;1
Q000663;3EP;Lengua;comunicacion;comunicacion_y_lenguas;3;test;¿Cuál de estas parejas relaciona correctamente lugar y lengua?;Galicia — gallego|Galicia — japonés|País Vasco — italiano|Cataluña — alemán;Galicia — gallego;El gallego es una lengua propia de Galicia.;1
Q000664;3EP;Lengua;comunicacion;comunicacion_y_lenguas;3;test;¿Cuál de estas parejas relaciona correctamente lugar y lengua?;País Vasco — euskera|País Vasco — japonés|Galicia — alemán|Cataluña — portugués;País Vasco — euskera;El euskera es una lengua propia del País Vasco.;1
Q000665;3EP;Lengua;comunicacion;comunicacion_y_lenguas;3;test;¿Cuál de estas parejas relaciona correctamente lugar y lengua?;Cataluña — catalán|Cataluña — japonés|Galicia — italiano|País Vasco — portugués;Cataluña — catalán;El catalán es una lengua propia de Cataluña.;1
Q000666;3EP;Lengua;comunicacion;comunicacion_y_lenguas;3;test;¿Cuál de estas parejas relaciona correctamente país y lengua?;Portugal — portugués|Portugal — japonés|Italia — gallego|Francia — euskera;Portugal — portugués;El portugués es la lengua oficial de Portugal.;1
Q000667;3EP;Lengua;comunicacion;comunicacion_y_lenguas;3;test;¿Cuál de estas parejas relaciona correctamente país y lengua?;Italia — italiano|Italia — euskera|Japón — gallego|Alemania — catalán;Italia — italiano;El italiano es la lengua oficial de Italia.;1
Q000668;3EP;Lengua;comunicacion;comunicacion_y_lenguas;3;test;¿Cuál de estas parejas relaciona correctamente país y lengua?;Alemania — alemán|Alemania — gallego|Francia — euskera|Portugal — catalán;Alemania — alemán;El alemán es la lengua oficial de Alemania.;1
Q000669;3EP;Lengua;comunicacion;comunicacion_y_lenguas;3;test;¿Cuál de estas parejas relaciona correctamente país y lengua?;Japón — japonés|Japón — portugués|Italia — catalán|Francia — gallego;Japón — japonés;El japonés es la lengua principal de Japón.;1
Q000670;3EP;Lengua;comunicacion;comunicacion_y_lenguas;3;test;Para que un mensaje sea fácil de entender conviene...;expresarlo con claridad|mezclar palabras sin orden|ocultar la información importante|usar palabras al azar;expresarlo con claridad;Un mensaje claro facilita la comunicación.;1
Q000671;3EP;Lengua;dictado;dictado_ca_que_qui_co_cu;1;escribir;Dictado ortográfico: completa y escribe la palabra correctamente: ___rta;;carta;Escribe la palabra completa. Revisa ca, que, qui, co y cu.;1
Q000672;3EP;Lengua;dictado;dictado_ca_que_qui_co_cu;1;escribir;Dictado ortográfico: completa y escribe la palabra correctamente: ___mión;;camión;Escribe la palabra completa. Revisa ca, que, qui, co y cu.;1
Q000673;3EP;Lengua;dictado;dictado_ca_que_qui_co_cu;1;escribir;Dictado ortográfico: completa y escribe la palabra correctamente: ___scada;;cascada;Escribe la palabra completa. Revisa ca, que, qui, co y cu.;1
Q000674;3EP;Lengua;dictado;dictado_ca_que_qui_co_cu;1;escribir;Dictado ortográfico: completa y escribe la palabra correctamente: ___nica;;canica;Escribe la palabra completa. Revisa ca, que, qui, co y cu.;1
Q000675;3EP;Lengua;dictado;dictado_ca_que_qui_co_cu;1;escribir;Dictado ortográfico: completa y escribe la palabra correctamente: ___pitán;;capitán;Escribe la palabra completa. Revisa ca, que, qui, co y cu.;1
Q000676;3EP;Lengua;dictado;dictado_ca_que_qui_co_cu;1;escribir;Dictado ortográfico: completa y escribe la palabra correctamente: ___ramelo;;caramelo;Escribe la palabra completa. Revisa ca, que, qui, co y cu.;1
Q000677;3EP;Lengua;dictado;dictado_ca_que_qui_co_cu;1;escribir;Dictado ortográfico: completa y escribe la palabra correctamente: ___rrera;;carrera;Escribe la palabra completa. Revisa ca, que, qui, co y cu.;1
Q000678;3EP;Lengua;dictado;dictado_ca_que_qui_co_cu;1;escribir;Dictado ortográfico: completa y escribe la palabra correctamente: ___lle;;calle;Escribe la palabra completa. Revisa ca, que, qui, co y cu.;1
Q000679;3EP;Lengua;dictado;dictado_ca_que_qui_co_cu;1;escribir;Dictado ortográfico: completa y escribe la palabra correctamente: ___sería;;quesería;Escribe la palabra completa. Revisa ca, que, qui, co y cu.;1
Q000680;3EP;Lengua;dictado;dictado_ca_que_qui_co_cu;1;escribir;Dictado ortográfico: completa y escribe la palabra correctamente: ___mar;;quemar;Escribe la palabra completa. Revisa ca, que, qui, co y cu.;1
Q000681;3EP;Lengua;dictado;dictado_ca_que_qui_co_cu;2;escribir;Dictado ortográfico: completa y escribe la palabra correctamente: ___dar;;quedar;Escribe la palabra completa. Revisa ca, que, qui, co y cu.;1
Q000682;3EP;Lengua;dictado;dictado_ca_que_qui_co_cu;2;escribir;Dictado ortográfico: completa y escribe la palabra correctamente: ___rido;;querido;Escribe la palabra completa. Revisa ca, que, qui, co y cu.;1
Q000683;3EP;Lengua;dictado;dictado_ca_que_qui_co_cu;2;escribir;Dictado ortográfico: completa y escribe la palabra correctamente: par___;;parque;Escribe la palabra completa. Revisa ca, que, qui, co y cu.;1
Q000684;3EP;Lengua;dictado;dictado_ca_que_qui_co_cu;2;escribir;Dictado ortográfico: completa y escribe la palabra correctamente: or___sta;;orquesta;Escribe la palabra completa. Revisa ca, que, qui, co y cu.;1
Q000685;3EP;Lengua;dictado;dictado_ca_que_qui_co_cu;2;escribir;Dictado ortográfico: completa y escribe la palabra correctamente: químic___ímica;;química;Escribe la palabra completa. Revisa ca, que, qui, co y cu.;1
Q000686;3EP;Lengua;dictado;dictado_ca_que_qui_co_cu;2;escribir;Dictado ortográfico: completa y escribe la palabra correctamente: ___osco;;quiosco;Escribe la palabra completa. Revisa ca, que, qui, co y cu.;1
Q000687;3EP;Lengua;dictado;dictado_ca_que_qui_co_cu;2;escribir;Dictado ortográfico: completa y escribe la palabra correctamente: ___nto;;quinto;Escribe la palabra completa. Revisa ca, que, qui, co y cu.;1
Q000688;3EP;Lengua;dictado;dictado_ca_que_qui_co_cu;2;escribir;Dictado ortográfico: completa y escribe la palabra correctamente: e___paje;;equipaje;Escribe la palabra completa. Revisa ca, que, qui, co y cu.;1
Q000689;3EP;Lengua;dictado;dictado_ca_que_qui_co_cu;2;escribir;Dictado ortográfico: completa y escribe la palabra correctamente: e___vocar;;equivocar;Escribe la palabra completa. Revisa ca, que, qui, co y cu.;1
Q000690;3EP;Lengua;dictado;dictado_ca_que_qui_co_cu;2;escribir;Dictado ortográfico: completa y escribe la palabra correctamente: tran___lo;;tranquilo;Escribe la palabra completa. Revisa ca, que, qui, co y cu.;1
Q000691;3EP;Lengua;dictado;dictado_ca_que_qui_co_cu;3;escribir;Dictado ortográfico: completa y escribe la palabra correctamente: ___mida;;comida;Escribe la palabra completa. Revisa ca, que, qui, co y cu.;1
Q000692;3EP;Lengua;dictado;dictado_ca_que_qui_co_cu;3;escribir;Dictado ortográfico: completa y escribe la palabra correctamente: ___lor;;color;Escribe la palabra completa. Revisa ca, que, qui, co y cu.;1
Q000693;3EP;Lengua;dictado;dictado_ca_que_qui_co_cu;3;escribir;Dictado ortográfico: completa y escribe la palabra correctamente: ___razón;;corazón;Escribe la palabra completa. Revisa ca, que, qui, co y cu.;1
Q000694;3EP;Lengua;dictado;dictado_ca_que_qui_co_cu;3;escribir;Dictado ortográfico: completa y escribe la palabra correctamente: ___hete;;cohete;Escribe la palabra completa. Revisa ca, que, qui, co y cu.;1
Q000695;3EP;Lengua;dictado;dictado_ca_que_qui_co_cu;3;escribir;Dictado ortográfico: completa y escribe la palabra correctamente: ___rtina;;cortina;Escribe la palabra completa. Revisa ca, que, qui, co y cu.;1
Q000696;3EP;Lengua;dictado;dictado_ca_que_qui_co_cu;3;escribir;Dictado ortográfico: completa y escribe la palabra correctamente: ___lmena;;colmena;Escribe la palabra completa. Revisa ca, que, qui, co y cu.;1
Q000697;3EP;Lengua;dictado;dictado_ca_que_qui_co_cu;3;escribir;Dictado ortográfico: completa y escribe la palabra correctamente: ___erda;;cuerda;Escribe la palabra completa. Revisa ca, que, qui, co y cu.;1
Q000698;3EP;Lengua;dictado;dictado_ca_que_qui_co_cu;3;escribir;Dictado ortográfico: completa y escribe la palabra correctamente: ___ello;;cuello;Escribe la palabra completa. Revisa ca, que, qui, co y cu.;1
Q000699;3EP;Lengua;dictado;dictado_ca_que_qui_co_cu;3;escribir;Dictado ortográfico: completa y escribe la palabra correctamente: ___enta;;cuenta;Escribe la palabra completa. Revisa ca, que, qui, co y cu.;1
Q000700;3EP;Lengua;dictado;dictado_ca_que_qui_co_cu;3;escribir;Dictado ortográfico: completa y escribe la palabra correctamente: ___eva;;cueva;Escribe la palabra completa. Revisa ca, que, qui, co y cu.;1
Q000701;3EP;Lengua;dictado;dictado_ca_que_qui_co_cu;1;completar;Completa la oración con la palabra bien escrita: La ___ tiene cuatro patas y sirve para dormir.;cama|quema|coma|cuma;cama;Lee la oración y fíjate especialmente en ca, que, qui, co y cu.;1
Q000702;3EP;Lengua;dictado;dictado_ca_que_qui_co_cu;1;completar;Completa la oración con la palabra bien escrita: El ratón come ___.;queso|caso|quiso|cuso;queso;Lee la oración y fíjate especialmente en ca, que, qui, co y cu.;1
Q000703;3EP;Lengua;dictado;dictado_ca_que_qui_co_cu;1;completar;Completa la oración con la palabra bien escrita: Guardo mis lápices en la ___.;carpeta|corpeta|querpeta|curpeta;carpeta;Lee la oración y fíjate especialmente en ca, que, qui, co y cu.;1
Q000704;3EP;Lengua;dictado;dictado_ca_que_qui_co_cu;1;completar;Completa la oración con la palabra bien escrita: Mi hermano va al ___.;colegio|calegio|culegio|quelegio;colegio;Lee la oración y fíjate especialmente en ca, que, qui, co y cu.;1
Q000705;3EP;Lengua;dictado;dictado_ca_que_qui_co_cu;1;completar;Completa la oración con la palabra bien escrita: Bebo agua en un ___.;cubo|cabo|cobo|quebo;cubo;Lee la oración y fíjate especialmente en ca, que, qui, co y cu.;1
Q000706;3EP;Lengua;dictado;dictado_ca_que_qui_co_cu;1;completar;Completa la oración con la palabra bien escrita: El ___ lleva su casa a cuestas.;caracol|coracol|curacol|queracol;caracol;Lee la oración y fíjate especialmente en ca, que, qui, co y cu.;1
Q000707;3EP;Lengua;dictado;dictado_ca_que_qui_co_cu;1;completar;Completa la oración con la palabra bien escrita: Me pongo la ___ cuando hace frío.;chaqueta|chacata|chaquita|chacota;chaqueta;Lee la oración y fíjate especialmente en ca, que, qui, co y cu.;1
Q000708;3EP;Lengua;dictado;dictado_ca_que_qui_co_cu;1;completar;Completa la oración con la palabra bien escrita: La sopa se toma con ___.;cuchara|cachara|cochara|quechara;cuchara;Lee la oración y fíjate especialmente en ca, que, qui, co y cu.;1
Q000709;3EP;Lengua;dictado;dictado_ca_que_qui_co_cu;1;completar;Completa la oración con la palabra bien escrita: El ___ salta por el campo.;conejo|canejo|cunejo|quenejo;conejo;Lee la oración y fíjate especialmente en ca, que, qui, co y cu.;1
Q000710;3EP;Lengua;dictado;dictado_ca_que_qui_co_cu;1;completar;Completa la oración con la palabra bien escrita: Escribo las tareas en el ___.;cuaderno|caaderno|coaderno|queaderno;cuaderno;Lee la oración y fíjate especialmente en ca, que, qui, co y cu.;1
Q000711;3EP;Lengua;dictado;dictado_ca_que_qui_co_cu;2;completar;Completa la oración con la palabra bien escrita: Jugamos en el ___ después de clase.;parque|parca|parqui|parco;parque;Lee la oración y fíjate especialmente en ca, que, qui, co y cu.;1
Q000712;3EP;Lengua;dictado;dictado_ca_que_qui_co_cu;2;completar;Completa la oración con la palabra bien escrita: La tenista golpea la pelota con la ___.;raqueta|racata|raquita|racota;raqueta;Lee la oración y fíjate especialmente en ca, que, qui, co y cu.;1
Q000713;3EP;Lengua;dictado;dictado_ca_que_qui_co_cu;2;completar;Completa la oración con la palabra bien escrita: El ___ vuela una cometa en el parque.;pequeño|pecaño|piquiño|pocoño;pequeño;Lee la oración y fíjate especialmente en ca, que, qui, co y cu.;1
Q000714;3EP;Lengua;dictado;dictado_ca_que_qui_co_cu;2;completar;Completa la oración con la palabra bien escrita: El barco lleva un ___ de comida.;paquete|pacate|paquite|pacote;paquete;Lee la oración y fíjate especialmente en ca, que, qui, co y cu.;1
Q000715;3EP;Lengua;dictado;dictado_ca_que_qui_co_cu;2;completar;Completa la oración con la palabra bien escrita: El ___ zumba cerca de la ventana.;mosquito|moscato|mosqueto|moscuto;mosquito;Lee la oración y fíjate especialmente en ca, que, qui, co y cu.;1
Q000716;3EP;Lengua;dictado;dictado_ca_que_qui_co_cu;2;completar;Completa la oración con la palabra bien escrita: Mi equipo juega con quince ___.;jugadores|jagadores|jogadores|quegadores;jugadores;Lee la oración y fíjate especialmente en ca, que, qui, co y cu.;1
Q000717;3EP;Lengua;dictado;dictado_ca_que_qui_co_cu;2;completar;Completa la oración con la palabra bien escrita: La ___ sirve para hacer batidos.;máquina|mácana|mácuna|mácona;máquina;Lee la oración y fíjate especialmente en ca, que, qui, co y cu.;1
Q000718;3EP;Lengua;dictado;dictado_ca_que_qui_co_cu;2;completar;Completa la oración con la palabra bien escrita: Esperamos nuestro turno en la ___.;esquina|escana|esquena|escuna;esquina;Lee la oración y fíjate especialmente en ca, que, qui, co y cu.;1
Q000719;3EP;Lengua;dictado;dictado_ca_que_qui_co_cu;2;completar;Completa la oración con la palabra bien escrita: La ___ está llena de platos y vasos.;cocina|cacina|cucina|quecina;cocina;Lee la oración y fíjate especialmente en ca, que, qui, co y cu.;1
Q000720;3EP;Lengua;dictado;dictado_ca_que_qui_co_cu;2;completar;Completa la oración con la palabra bien escrita: La reina lleva una ___.;corona|carona|curona|querona;corona;Lee la oración y fíjate especialmente en ca, que, qui, co y cu.;1
Q000721;3EP;Lengua;dictado;dictado_ca_que_qui_co_cu;3;completar;Completa la oración con la palabra bien escrita: La mantequilla se guarda en la nevera.;mantequilla|mantecilla|mantequella|mantecolla;mantequilla;Lee la oración y fíjate especialmente en ca, que, qui, co y cu.;1
Q000722;3EP;Lengua;dictado;dictado_ca_que_qui_co_cu;3;completar;Completa la oración con la palabra bien escrita: Dejé la mochila junto a la ___.;taquilla|tacilla|taquella|taculla;taquilla;Lee la oración y fíjate especialmente en ca, que, qui, co y cu.;1
Q000723;3EP;Lengua;dictado;dictado_ca_que_qui_co_cu;3;completar;Completa la oración con la palabra bien escrita: El pescador volvió en su ___.;barquito|barcato|barqueto|barcuto;barquito;Lee la oración y fíjate especialmente en ca, que, qui, co y cu.;1
Q000724;3EP;Lengua;dictado;dictado_ca_que_qui_co_cu;3;completar;Completa la oración con la palabra bien escrita: La ___ lleva un cencerro.;vaquita|vacata|vaqueta|vacuta;vaquita;Lee la oración y fíjate especialmente en ca, que, qui, co y cu.;1
Q000725;3EP;Lengua;dictado;dictado_ca_que_qui_co_cu;3;completar;Completa la oración con la palabra bien escrita: Solo queda un ___ de zumo.;poquito|pocato|poqueto|pocuto;poquito;Lee la oración y fíjate especialmente en ca, que, qui, co y cu.;1
Q000726;3EP;Lengua;dictado;dictado_ca_que_qui_co_cu;3;completar;Completa la oración con la palabra bien escrita: El ciclista debe llevar ___.;casco|cosco|cusco|quesco;casco;Lee la oración y fíjate especialmente en ca, que, qui, co y cu.;1
Q000727;3EP;Lengua;dictado;dictado_ca_que_qui_co_cu;3;completar;Completa la oración con la palabra bien escrita: Vimos el mar desde la ___.;costa|casta|custa|questa;costa;Lee la oración y fíjate especialmente en ca, que, qui, co y cu.;1
Q000728;3EP;Lengua;dictado;dictado_ca_que_qui_co_cu;3;completar;Completa la oración con la palabra bien escrita: El niño se balancea en el ___.;columpio|calumpio|culumpio|quelumpio;columpio;Lee la oración y fíjate especialmente en ca, que, qui, co y cu.;1
Q000729;3EP;Lengua;dictado;dictado_ca_que_qui_co_cu;3;completar;Completa la oración con la palabra bien escrita: En otoño comemos crema de ___.;calabaza|colabaza|culabaza|quelabaza;calabaza;Lee la oración y fíjate especialmente en ca, que, qui, co y cu.;1
Q000730;3EP;Lengua;dictado;dictado_ca_que_qui_co_cu;3;completar;Completa la oración con la palabra bien escrita: El ___ puede cambiar de color.;camaleón|comaleón|cumaleón|quemaleón;camaleón;Lee la oración y fíjate especialmente en ca, que, qui, co y cu.;1
Q000731;3EP;Matematicas;numeración;lectura_escritura_numeros;1;test;¿Cómo se escribe con letras el número 347?;trescientos cuarenta y siete|trescientos cincuenta y siete|cuatrocientos cuarenta y siete|trescientos cuarenta y seis;trescientos cuarenta y siete;Lee primero centenas, decenas y unidades.;1
Q000732;3EP;Matematicas;numeración;lectura_escritura_numeros;1;test;¿Cómo se escribe con letras el número 582?;seiscientos ochenta y dos|quinientos noventa y dos|quinientos ochenta y dos|quinientos ochenta y uno;quinientos ochenta y dos;Lee primero centenas, decenas y unidades.;1
Q000733;3EP;Matematicas;numeración;lectura_escritura_numeros;1;test;¿Cómo se escribe con letras el número 916?;novecientos dieciséis|novecientos quince|ochocientos dieciséis|novecientos veintiséis;novecientos dieciséis;Lee primero centenas, decenas y unidades.;1
Q000734;3EP;Matematicas;numeración;lectura_escritura_numeros;1;test;¿Cómo se escribe con letras el número 725?;setecientos treinta y cinco|ochocientos veinticinco|setecientos veinticinco|setecientos veinticuatro;setecientos veinticinco;Lee primero centenas, decenas y unidades.;1
Q000735;3EP;Matematicas;numeración;lectura_escritura_numeros;1;test;¿Cómo se escribe con letras el número 438?;cuatrocientos treinta y ocho|cuatrocientos cuarenta y ocho|cuatrocientos treinta y siete|quinientos treinta y ocho;cuatrocientos treinta y ocho;Lee primero centenas, decenas y unidades.;1
Q000736;3EP;Matematicas;numeración;lectura_escritura_numeros;1;test;¿Cómo se escribe con letras el número 651?;seiscientos cincuenta y uno|setecientos cincuenta y uno|seiscientos sesenta y uno|seiscientos cincuenta;seiscientos cincuenta y uno;Lee primero centenas, decenas y unidades.;1
Q000737;3EP;Matematicas;numeración;lectura_escritura_numeros;1;test;¿Cómo se escribe con letras el número 804?;ochocientos tres|ochocientos cuatro|setecientos cuatro|ochocientos catorce;ochocientos cuatro;Lee primero centenas, decenas y unidades.;1
Q000738;3EP;Matematicas;numeración;lectura_escritura_numeros;1;test;¿Cómo se escribe con letras el número 293?;doscientos noventa y tres|trescientos noventa y tres|doscientos noventa y dos|trescientos tres;doscientos noventa y tres;Lee primero centenas, decenas y unidades.;1
Q000739;3EP;Matematicas;numeración;lectura_escritura_numeros;1;test;¿Cómo se escribe con letras el número 764?;ochocientos sesenta y cuatro|setecientos sesenta y tres|setecientos sesenta y cuatro|setecientos setenta y cuatro;setecientos sesenta y cuatro;Lee primero centenas, decenas y unidades.;1
Q000740;3EP;Matematicas;numeración;lectura_escritura_numeros;1;test;¿Cómo se escribe con letras el número 519?;quinientos dieciocho|quinientos diecinueve|quinientos veintinueve|seiscientos diecinueve;quinientos diecinueve;Lee primero centenas, decenas y unidades.;1
Q000741;3EP;Matematicas;numeración;lectura_escritura_numeros;2;test;¿Cómo se escribe con letras el número 682?;setecientos ochenta y dos|seiscientos noventa y dos|seiscientos ochenta y uno|seiscientos ochenta y dos;seiscientos ochenta y dos;Lee primero centenas, decenas y unidades.;1
Q000742;3EP;Matematicas;numeración;lectura_escritura_numeros;2;test;¿Cómo se escribe con letras el número 357?;trescientos cincuenta y siete|trescientos sesenta y siete|cuatrocientos cincuenta y siete|trescientos cincuenta y seis;trescientos cincuenta y siete;Lee primero centenas, decenas y unidades.;1
Q000743;3EP;Matematicas;numeración;lectura_escritura_numeros;2;test;¿Cómo se escribe con letras el número 941?;novecientos cuarenta|novecientos cincuenta y uno|novecientos cuarenta y uno|ochocientos cuarenta y uno;novecientos cuarenta y uno;Lee primero centenas, decenas y unidades.;1
Q000744;3EP;Matematicas;numeración;lectura_escritura_numeros;2;test;¿Cómo se escribe con letras el número 826?;ochocientos treinta y seis|setecientos veintiséis|ochocientos veintiséis|ochocientos veinticinco;ochocientos veintiséis;Lee primero centenas, decenas y unidades.;1
Q000745;3EP;Matematicas;numeración;lectura_escritura_numeros;2;test;¿Cómo se escribe con letras el número 475?;cuatrocientos setenta y cuatro|cuatrocientos ochenta y cinco|cuatrocientos setenta y cinco|quinientos setenta y cinco;cuatrocientos setenta y cinco;Lee primero centenas, decenas y unidades.;1
Q000746;3EP;Matematicas;numeración;lectura_escritura_numeros;2;test;¿Cómo se escribe con letras el número 603?;seiscientos trece|seiscientos tres|seiscientos dos|setecientos tres;seiscientos tres;Lee primero centenas, decenas y unidades.;1
Q000747;3EP;Matematicas;numeración;lectura_escritura_numeros;2;test;¿Cómo se escribe con letras el número 718?;setecientos dieciocho|setecientos diecisiete|setecientos veintiocho|ochocientos dieciocho;setecientos dieciocho;Lee primero centenas, decenas y unidades.;1
Q000748;3EP;Matematicas;numeración;lectura_escritura_numeros;2;test;¿Cómo se escribe con letras el número 254?;doscientos sesenta y cuatro|trescientos cincuenta y cuatro|doscientos cincuenta y cuatro|doscientos cincuenta y tres;doscientos cincuenta y cuatro;Lee primero centenas, decenas y unidades.;1
Q000749;3EP;Matematicas;numeración;lectura_escritura_numeros;2;test;¿Cómo se escribe con letras el número 869?;ochocientos sesenta y ocho|setecientos sesenta y nueve|ochocientos sesenta y nueve|ochocientos setenta y nueve;ochocientos sesenta y nueve;Lee primero centenas, decenas y unidades.;1
Q000750;3EP;Matematicas;numeración;lectura_escritura_numeros;2;test;¿Cómo se escribe con letras el número 532?;quinientos treinta y uno|seiscientos treinta y dos|quinientos treinta y dos|quinientos cuarenta y dos;quinientos treinta y dos;Lee primero centenas, decenas y unidades.;1
Q000751;3EP;Matematicas;numeración;lectura_escritura_numeros;1;test;¿Qué número es «mil doscientos cuarenta y siete»?;1347|1147|1247|1257;1247;Fíjate en las unidades de millar, centenas, decenas y unidades.;1
Q000752;3EP;Matematicas;numeración;lectura_escritura_numeros;1;test;¿Qué número es «tres mil cincuenta y ocho»?;3058|2958|3068|3158;3058;Fíjate en las unidades de millar, centenas, decenas y unidades.;1
Q000753;3EP;Matematicas;numeración;lectura_escritura_numeros;1;test;¿Qué número es «cuatro mil setecientos veintiséis»?;4736|4726|4626|4826;4726;Fíjate en las unidades de millar, centenas, decenas y unidades.;1
Q000754;3EP;Matematicas;numeración;lectura_escritura_numeros;1;test;¿Qué número es «cinco mil ochocientos trece»?;5713|5823|5813|5913;5813;Fíjate en las unidades de millar, centenas, decenas y unidades.;1
Q000755;3EP;Matematicas;numeración;lectura_escritura_numeros;1;test;¿Qué número es «seis mil novecientos cuatro»?;6904|7004|6804|6914;6904;Fíjate en las unidades de millar, centenas, decenas y unidades.;1
Q000756;3EP;Matematicas;numeración;lectura_escritura_numeros;1;test;¿Qué número es «siete mil trescientos quince»?;7325|7315|7215|7415;7315;Fíjate en las unidades de millar, centenas, decenas y unidades.;1
Q000757;3EP;Matematicas;numeración;lectura_escritura_numeros;1;test;¿Qué número es «ocho mil cuatrocientos veintinueve»?;8439|8529|8329|8429;8429;Fíjate en las unidades de millar, centenas, decenas y unidades.;1
Q000758;3EP;Matematicas;numeración;lectura_escritura_numeros;1;test;¿Qué número es «nueve mil quinientos sesenta y dos»?;9562|9572|9462|9662;9562;Fíjate en las unidades de millar, centenas, decenas y unidades.;1
Q000759;3EP;Matematicas;numeración;lectura_escritura_numeros;2;test;¿Qué número es «dos mil ciento treinta y seis»?;2236|2136|2036|2146;2136;Fíjate en las unidades de millar, centenas, decenas y unidades.;1
Q000760;3EP;Matematicas;numeración;lectura_escritura_numeros;2;test;¿Qué número es «tres mil seiscientos setenta y cuatro»?;3774|3574|3684|3674;3674;Fíjate en las unidades de millar, centenas, decenas y unidades.;1
Q000761;3EP;Matematicas;numeración;lectura_escritura_numeros;2;test;¿Qué número es «cuatro mil ciento ochenta y cinco»?;4285|4185|4195|4085;4185;Fíjate en las unidades de millar, centenas, decenas y unidades.;1
Q000762;3EP;Matematicas;numeración;lectura_escritura_numeros;2;test;¿Qué número es «cinco mil doscientos setenta y nueve»?;5289|5379|5179|5279;5279;Fíjate en las unidades de millar, centenas, decenas y unidades.;1
Q000763;3EP;Matematicas;numeración;lectura_escritura_numeros;2;test;¿Qué número es «seis mil trescientos cuarenta y uno»?;6341|6351|6441|6241;6341;Fíjate en las unidades de millar, centenas, decenas y unidades.;1
Q000764;3EP;Matematicas;numeración;lectura_escritura_numeros;2;test;¿Qué número es «siete mil cuatrocientos ochenta y tres»?;7493|7583|7483|7383;7483;Fíjate en las unidades de millar, centenas, decenas y unidades.;1
Q000765;3EP;Matematicas;numeración;lectura_escritura_numeros;2;test;¿Qué número es «ocho mil quinientos noventa y seis»?;8496|8596|8606|8696;8596;Fíjate en las unidades de millar, centenas, decenas y unidades.;1
Q000766;3EP;Matematicas;numeración;lectura_escritura_numeros;2;test;¿Qué número es «nueve mil seiscientos veintisiete»?;9727|9527|9627|9637;9627;Fíjate en las unidades de millar, centenas, decenas y unidades.;1
Q000767;3EP;Matematicas;numeración;lectura_escritura_numeros;2;test;¿Qué número es «mil setecientos cincuenta y cuatro»?;1854|1654|1764|1754;1754;Fíjate en las unidades de millar, centenas, decenas y unidades.;1
Q000768;3EP;Matematicas;numeración;lectura_escritura_numeros;2;test;¿Qué número es «dos mil ochocientos sesenta y nueve»?;2879|2969|2869|2769;2869;Fíjate en las unidades de millar, centenas, decenas y unidades.;1
Q000769;3EP;Matematicas;numeración;lectura_escritura_numeros;2;test;¿Qué número es «tres mil novecientos cuarenta y dos»?;3952|4042|3842|3942;3942;Fíjate en las unidades de millar, centenas, decenas y unidades.;1
Q000770;3EP;Matematicas;numeración;lectura_escritura_numeros;2;test;¿Qué número es «seis mil ciento cincuenta y ocho»?;6168|6158|6258|6058;6158;Fíjate en las unidades de millar, centenas, decenas y unidades.;1
Q000771;3EP;Matematicas;numeración;comparacion_numeros;1;test;¿Qué signo completa correctamente? 438 ___ 483;<|=|>|ninguna;<;Compara las cifras empezando por la de mayor valor.;1
Q000772;3EP;Matematicas;numeración;comparacion_numeros;1;test;¿Qué signo completa correctamente? 725 ___ 572;=|ninguna|>|<;>;Compara las cifras empezando por la de mayor valor.;1
Q000773;3EP;Matematicas;numeración;comparacion_numeros;1;test;¿Qué signo completa correctamente? 906 ___ 960;=|<|ninguna|>;<;Compara las cifras empezando por la de mayor valor.;1
Q000774;3EP;Matematicas;numeración;comparacion_numeros;1;test;¿Qué signo completa correctamente? 651 ___ 615;=|<|ninguna|>;>;Compara las cifras empezando por la de mayor valor.;1
Q000775;3EP;Matematicas;numeración;comparacion_numeros;1;test;¿Qué signo completa correctamente? 809 ___ 798;<|ninguna|>|=;>;Compara las cifras empezando por la de mayor valor.;1
Q000776;3EP;Matematicas;numeración;comparacion_numeros;1;test;¿Qué signo completa correctamente? 347 ___ 374;=|<|ninguna|>;<;Compara las cifras empezando por la de mayor valor.;1
Q000777;3EP;Matematicas;numeración;comparacion_numeros;1;test;¿Qué signo completa correctamente? 582 ___ 528;>|=|ninguna|<;>;Compara las cifras empezando por la de mayor valor.;1
Q000778;3EP;Matematicas;numeración;comparacion_numeros;1;test;¿Qué signo completa correctamente? 913 ___ 931;ninguna|<|=|>;<;Compara las cifras empezando por la de mayor valor.;1
Q000779;3EP;Matematicas;numeración;comparacion_numeros;1;test;¿Qué signo completa correctamente? 764 ___ 746;=|ninguna|>|<;>;Compara las cifras empezando por la de mayor valor.;1
Q000780;3EP;Matematicas;numeración;comparacion_numeros;1;test;¿Qué signo completa correctamente? 695 ___ 659;ninguna|=|>|<;>;Compara las cifras empezando por la de mayor valor.;1
Q000781;3EP;Matematicas;numeración;comparacion_numeros;2;test;¿Qué signo completa correctamente? 1248 ___ 1284;=|ninguna|<|>;<;Compara las cifras empezando por la de mayor valor.;1
Q000782;3EP;Matematicas;numeración;comparacion_numeros;2;test;¿Qué signo completa correctamente? 3057 ___ 3507;=|>|ninguna|<;<;Compara las cifras empezando por la de mayor valor.;1
Q000783;3EP;Matematicas;numeración;comparacion_numeros;2;test;¿Qué signo completa correctamente? 4721 ___ 4271;ninguna|=|>|<;>;Compara las cifras empezando por la de mayor valor.;1
Q000784;3EP;Matematicas;numeración;comparacion_numeros;2;test;¿Qué signo completa correctamente? 6815 ___ 6185;<|>|=|ninguna;>;Compara las cifras empezando por la de mayor valor.;1
Q000785;3EP;Matematicas;numeración;comparacion_numeros;2;test;¿Qué signo completa correctamente? 9042 ___ 9402;=|ninguna|<|>;<;Compara las cifras empezando por la de mayor valor.;1
Q000786;3EP;Matematicas;numeración;ordenar_numeros;2;test;Ordena estos números de mayor a menor: 342, 789, 516.;516 - 342 - 789|342 - 516 - 789|789 - 516 - 342|789 - 342 - 516;789 - 516 - 342;Compara primero la cifra situada más a la izquierda.;1
Q000787;3EP;Matematicas;numeración;ordenar_numeros;2;test;Ordena estos números de menor a mayor: 905, 450, 672.;450 - 672 - 905|905 - 672 - 450|672 - 905 - 450|450 - 905 - 672;450 - 672 - 905;Compara primero la cifra situada más a la izquierda.;1
Q000788;3EP;Matematicas;numeración;ordenar_numeros;2;test;Ordena estos números de mayor a menor: 281, 824, 639.;281 - 639 - 824|824 - 281 - 639|824 - 639 - 281|639 - 281 - 824;824 - 639 - 281;Compara primero la cifra situada más a la izquierda.;1
Q000789;3EP;Matematicas;numeración;ordenar_numeros;2;test;Ordena estos números de menor a mayor: 713, 397, 581.;581 - 713 - 397|713 - 581 - 397|397 - 713 - 581|397 - 581 - 713;397 - 581 - 713;Compara primero la cifra situada más a la izquierda.;1
Q000790;3EP;Matematicas;numeración;ordenar_numeros;2;test;Ordena estos números de mayor a menor: 468, 932, 754.;932 - 468 - 754|468 - 754 - 932|754 - 468 - 932|932 - 754 - 468;932 - 754 - 468;Compara primero la cifra situada más a la izquierda.;1
Q000791;3EP;Matematicas;numeración;ordenar_numeros;2;test;Ordena estos números de menor a mayor: 625, 319, 847.;ninguna|319 - 625 - 847|847 - 625 - 319;319 - 625 - 847;Compara primero la cifra situada más a la izquierda.;1
Q000792;3EP;Matematicas;numeración;ordenar_numeros;2;test;Ordena estos números de mayor a menor: 156, 703, 492.;156 - 492 - 703|703 - 156 - 492|703 - 492 - 156|492 - 156 - 703;703 - 492 - 156;Compara primero la cifra situada más a la izquierda.;1
Q000793;3EP;Matematicas;numeración;ordenar_numeros;2;test;Ordena estos números de menor a mayor: 874, 268, 541.;874 - 541 - 268|268 - 874 - 541|541 - 874 - 268|268 - 541 - 874;268 - 541 - 874;Compara primero la cifra situada más a la izquierda.;1
Q000794;3EP;Matematicas;numeración;ordenar_numeros;2;test;Ordena estos números de mayor a menor: 390, 618, 275.;618 - 390 - 275|275 - 390 - 618|ninguna;618 - 390 - 275;Compara primero la cifra situada más a la izquierda.;1
Q000795;3EP;Matematicas;numeración;ordenar_numeros;2;test;Ordena estos números de menor a mayor: 743, 529, 861.;529 - 743 - 861|861 - 743 - 529|ninguna;529 - 743 - 861;Compara primero la cifra situada más a la izquierda.;1
Q000796;3EP;Matematicas;numeración;ordenar_numeros;3;test;Ordena estos números de mayor a menor: 1245, 3987, 2614.;2614 - 1245 - 3987|3987 - 2614 - 1245|3987 - 1245 - 2614|1245 - 2614 - 3987;3987 - 2614 - 1245;Compara primero la cifra situada más a la izquierda.;1
Q000797;3EP;Matematicas;numeración;ordenar_numeros;3;test;Ordena estos números de menor a mayor: 5072, 4158, 6893.;ninguna|4158 - 5072 - 6893|6893 - 5072 - 4158;4158 - 5072 - 6893;Compara primero la cifra situada más a la izquierda.;1
Q000798;3EP;Matematicas;numeración;ordenar_numeros;3;test;Ordena estos números de mayor a menor: 7321, 2856, 6419.;2856 - 6419 - 7321|2856 - 7321 - 6419|7321 - 6419 - 2856|6419 - 7321 - 2856;7321 - 6419 - 2856;Compara primero la cifra situada más a la izquierda.;1
Q000799;3EP;Matematicas;numeración;ordenar_numeros;3;test;Ordena estos números de menor a mayor: 9046, 8173, 5298.;9046 - 8173 - 5298|5298 - 8173 - 9046|5298 - 9046 - 8173|8173 - 9046 - 5298;5298 - 8173 - 9046;Compara primero la cifra situada más a la izquierda.;1
Q000800;3EP;Matematicas;numeración;ordenar_numeros;3;test;Ordena estos números de mayor a menor: 3564, 7482, 1937.;ninguna|1937 - 3564 - 7482|7482 - 3564 - 1937;7482 - 3564 - 1937;Compara primero la cifra situada más a la izquierda.;1
Q000801;3EP;Matematicas;numeración;valor_posicional;1;test;En el número 374, ¿qué cifra ocupa el lugar de las unidades?;1|0|7|4;4;Busca la posición de las unidades (U).;1
Q000802;3EP;Matematicas;numeración;valor_posicional;1;test;En el número 582, ¿qué cifra ocupa el lugar de las decenas?;8|4|1|7;8;Busca la posición de las decenas (D).;1
Q000803;3EP;Matematicas;numeración;valor_posicional;1;test;En el número 916, ¿qué cifra ocupa el lugar de las centenas?;2|6|5|9;9;Busca la posición de las centenas (C).;1
Q000804;3EP;Matematicas;numeración;valor_posicional;1;test;En el número 745, ¿qué cifra ocupa el lugar de las unidades?;6|5|1|4;5;Busca la posición de las unidades (U).;1
Q000805;3EP;Matematicas;numeración;valor_posicional;1;test;En el número 638, ¿qué cifra ocupa el lugar de las decenas?;1|0|3|8;3;Busca la posición de las decenas (D).;1
Q000806;3EP;Matematicas;numeración;valor_posicional;1;test;En el número 251, ¿qué cifra ocupa el lugar de las centenas?;4|1|2|8;2;Busca la posición de las centenas (C).;1
Q000807;3EP;Matematicas;numeración;valor_posicional;1;test;En el número 804, ¿qué cifra ocupa el lugar de las unidades?;3|1|9|4;4;Busca la posición de las unidades (U).;1
Q000808;3EP;Matematicas;numeración;valor_posicional;1;test;En el número 493, ¿qué cifra ocupa el lugar de las decenas?;4|9|8|7;9;Busca la posición de las decenas (D).;1
Q000809;3EP;Matematicas;numeración;valor_posicional;1;test;En el número 167, ¿qué cifra ocupa el lugar de las centenas?;9|1|8|5;1;Busca la posición de las centenas (C).;1
Q000810;3EP;Matematicas;numeración;valor_posicional;1;test;En el número 729, ¿qué cifra ocupa el lugar de las unidades?;4|2|9|1;9;Busca la posición de las unidades (U).;1
Q000811;3EP;Matematicas;numeración;valor_posicional;1;test;En el número 856, ¿qué cifra ocupa el lugar de las decenas?;3|9|5|2;5;Busca la posición de las decenas (D).;1
Q000812;3EP;Matematicas;numeración;valor_posicional;1;test;En el número 342, ¿qué cifra ocupa el lugar de las centenas?;2|9|3|5;3;Busca la posición de las centenas (C).;1
Q000813;3EP;Matematicas;numeración;valor_posicional;2;test;En el número 681, ¿qué cifra ocupa el lugar de las unidades?;1|8|2|4;1;Busca la posición de las unidades (U).;1
Q000814;3EP;Matematicas;numeración;valor_posicional;2;test;En el número 975, ¿qué cifra ocupa el lugar de las decenas?;8|7|9|6;7;Busca la posición de las decenas (D).;1
Q000815;3EP;Matematicas;numeración;valor_posicional;2;test;En el número 524, ¿qué cifra ocupa el lugar de las centenas?;4|1|9|5;5;Busca la posición de las centenas (C).;1
Q000816;3EP;Matematicas;numeración;valor_posicional;2;test;En el número 713, ¿qué cifra ocupa el lugar de las unidades?;8|1|3|7;3;Busca la posición de las unidades (U).;1
Q000817;3EP;Matematicas;numeración;valor_posicional;2;test;En el número 469, ¿qué cifra ocupa el lugar de las decenas?;0|6|2|4;6;Busca la posición de las decenas (D).;1
Q000818;3EP;Matematicas;numeración;valor_posicional;2;test;En el número 832, ¿qué cifra ocupa el lugar de las centenas?;4|8|0|9;8;Busca la posición de las centenas (C).;1
Q000819;3EP;Matematicas;numeración;valor_posicional;2;test;En el número 597, ¿qué cifra ocupa el lugar de las unidades?;0|5|7|3;7;Busca la posición de las unidades (U).;1
Q000820;3EP;Matematicas;numeración;valor_posicional;2;test;En el número 246, ¿qué cifra ocupa el lugar de las decenas?;3|0|6|4;4;Busca la posición de las decenas (D).;1
Q000821;3EP;Matematicas;numeración;valor_posicional;2;test;En el número 1347, ¿qué cifra ocupa el lugar de las unidades?;9|7|4|8;7;Busca la posición de las unidades (U).;1
Q000822;3EP;Matematicas;numeración;valor_posicional;2;test;En el número 2586, ¿qué cifra ocupa el lugar de las decenas?;8|6|4|5;8;Busca la posición de las decenas (D).;1
Q000823;3EP;Matematicas;numeración;valor_posicional;2;test;En el número 3719, ¿qué cifra ocupa el lugar de las centenas?;2|7|9|6;7;Busca la posición de las centenas (C).;1
Q000824;3EP;Matematicas;numeración;valor_posicional;2;test;En el número 4825, ¿qué cifra ocupa el lugar de las unidades de millar?;5|3|4|9;4;Busca la posición de las unidades de millar (UM).;1
Q000825;3EP;Matematicas;numeración;valor_de_una_cifra;2;test;En 5963, ¿cuánto vale la cifra 3 que está en las unidades?;3|4|13|30;3;El valor de una cifra depende del lugar que ocupa.;1
Q000826;3EP;Matematicas;numeración;valor_de_una_cifra;2;test;En 6174, ¿cuánto vale la cifra 7 que está en las decenas?;700|70|80|7;70;El valor de una cifra depende del lugar que ocupa.;1
Q000827;3EP;Matematicas;numeración;valor_de_una_cifra;2;test;En 7281, ¿cuánto vale la cifra 2 que está en las centenas?;300|2|2000|200;200;El valor de una cifra depende del lugar que ocupa.;1
Q000828;3EP;Matematicas;numeración;valor_de_una_cifra;2;test;En 8436, ¿cuánto vale la cifra 8 que está en las unidades de millar?;9000|8000|8010|8;8000;El valor de una cifra depende del lugar que ocupa.;1
Q000829;3EP;Matematicas;numeración;valor_de_una_cifra;2;test;En 9512, ¿cuánto vale la cifra 2 que está en las unidades?;20|2|12|3;2;El valor de una cifra depende del lugar que ocupa.;1
Q000830;3EP;Matematicas;numeración;valor_de_una_cifra;2;test;En 2068, ¿cuánto vale la cifra 6 que está en las decenas?;6|70|60|600;60;El valor de una cifra depende del lugar que ocupa.;1
Q000831;3EP;Matematicas;numeración;valor_de_una_cifra;2;test;En 3195, ¿cuánto vale la cifra 1 que está en las centenas?;200|1|100|1000;100;El valor de una cifra depende del lugar que ocupa.;1
Q000832;3EP;Matematicas;numeración;valor_de_una_cifra;2;test;En 4273, ¿cuánto vale la cifra 4 que está en las unidades de millar?;4|4010|5000|4000;4000;El valor de una cifra depende del lugar que ocupa.;1
Q000833;3EP;Matematicas;numeración;valor_de_una_cifra;2;test;En 5384, ¿cuánto vale la cifra 4 que está en las unidades?;5|40|14|4;4;El valor de una cifra depende del lugar que ocupa.;1
Q000834;3EP;Matematicas;numeración;valor_de_una_cifra;2;test;En 6417, ¿cuánto vale la cifra 1 que está en las decenas?;10|20|1|100;10;El valor de una cifra depende del lugar que ocupa.;1
Q000835;3EP;Matematicas;numeración;valor_de_una_cifra;2;test;En 7592, ¿cuánto vale la cifra 5 que está en las centenas?;600|5000|5|500;500;El valor de una cifra depende del lugar que ocupa.;1
Q000836;3EP;Matematicas;numeración;valor_de_una_cifra;2;test;En 8641, ¿cuánto vale la cifra 8 que está en las unidades de millar?;9000|8010|8000|8;8000;El valor de una cifra depende del lugar que ocupa.;1
Q000837;3EP;Matematicas;numeración;valor_de_una_cifra;2;test;En 9735, ¿cuánto vale la cifra 5 que está en las unidades?;6|5|50|15;5;El valor de una cifra depende del lugar que ocupa.;1
Q000838;3EP;Matematicas;numeración;valor_de_una_cifra;2;test;En 1854, ¿cuánto vale la cifra 5 que está en las decenas?;60|500|50|5;50;El valor de una cifra depende del lugar que ocupa.;1
Q000839;3EP;Matematicas;numeración;valor_de_una_cifra;2;test;En 2946, ¿cuánto vale la cifra 9 que está en las centenas?;9000|900|1000|9;900;El valor de una cifra depende del lugar que ocupa.;1
Q000840;3EP;Matematicas;numeración;valor_de_una_cifra;2;test;En 5037, ¿cuánto vale la cifra 5 que está en las unidades de millar?;5000|5010|6000|5;5000;El valor de una cifra depende del lugar que ocupa.;1
Q000841;3EP;Matematicas;numeración;descomposicion;1;test;¿Cuál es la descomposición correcta de 326?;3 + 26|3 + 2 + 6|300 + 26|300 + 20 + 6;300 + 20 + 6;Descompón según el valor de cada cifra.;1
Q000842;3EP;Matematicas;numeración;descomposicion;1;test;¿Cuál es la descomposición correcta de 481?;400 + 80 + 1|400 + 81|4 + 8 + 1|4 + 81;400 + 80 + 1;Descompón según el valor de cada cifra.;1
Q000843;3EP;Matematicas;numeración;descomposicion;1;test;¿Cuál es la descomposición correcta de 705?;700 + 5|ninguna|7 + 0 + 5|7 + 5;700 + 5;Descompón según el valor de cada cifra.;1
Q000844;3EP;Matematicas;numeración;descomposicion;1;test;¿Cuál es la descomposición correcta de 892?;8 + 92|800 + 90 + 2|800 + 92|8 + 9 + 2;800 + 90 + 2;Descompón según el valor de cada cifra.;1
Q000845;3EP;Matematicas;numeración;descomposicion;1;test;¿Cuál es la descomposición correcta de 564?;500 + 64|500 + 60 + 4|5 + 64|5 + 6 + 4;500 + 60 + 4;Descompón según el valor de cada cifra.;1
Q000846;3EP;Matematicas;numeración;descomposicion;1;test;¿Cuál es la descomposición correcta de 930?;ninguna|9 + 3 + 0|9 + 30|900 + 30;900 + 30;Descompón según el valor de cada cifra.;1
Q000847;3EP;Matematicas;numeración;descomposicion;1;test;¿Cuál es la descomposición correcta de 217?;200 + 10 + 7|2 + 1 + 7|2 + 17|200 + 17;200 + 10 + 7;Descompón según el valor de cada cifra.;1
Q000848;3EP;Matematicas;numeración;descomposicion;1;test;¿Cuál es la descomposición correcta de 648?;600 + 40 + 8|6 + 4 + 8|6 + 48|600 + 48;600 + 40 + 8;Descompón según el valor de cada cifra.;1
Q000849;3EP;Matematicas;numeración;descomposicion;1;test;¿Cuál es la descomposición correcta de 751?;7 + 51|7 + 5 + 1|700 + 51|700 + 50 + 1;700 + 50 + 1;Descompón según el valor de cada cifra.;1
Q000850;3EP;Matematicas;numeración;descomposicion;1;test;¿Cuál es la descomposición correcta de 409?;4 + 9|400 + 9|4 + 0 + 9|ninguna;400 + 9;Descompón según el valor de cada cifra.;1
Q000851;3EP;Matematicas;numeración;descomposicion;2;test;¿Cuál es la descomposición correcta de 1326?;1 + 3 + 2 + 6|1 + 326|1000 + 300 + 20 + 6|1300 + 26;1000 + 300 + 20 + 6;Descompón según el valor de cada cifra.;1
Q000852;3EP;Matematicas;numeración;descomposicion;2;test;¿Cuál es la descomposición correcta de 2458?;2 + 4 + 5 + 8|2400 + 58|2000 + 400 + 50 + 8|2 + 458;2000 + 400 + 50 + 8;Descompón según el valor de cada cifra.;1
Q000853;3EP;Matematicas;numeración;descomposicion;2;test;¿Cuál es la descomposición correcta de 3704?;3 + 704|3 + 7 + 0 + 4|3700 + 4|3000 + 700 + 4;3000 + 700 + 4;Descompón según el valor de cada cifra.;1
Q000854;3EP;Matematicas;numeración;descomposicion;2;test;¿Cuál es la descomposición correcta de 4819?;4800 + 19|4000 + 800 + 10 + 9|4 + 819|4 + 8 + 1 + 9;4000 + 800 + 10 + 9;Descompón según el valor de cada cifra.;1
Q000855;3EP;Matematicas;numeración;descomposicion;2;test;¿Cuál es la descomposición correcta de 5062?;5000 + 60 + 2|5 + 62|5 + 0 + 6 + 2|5000 + 62;5000 + 60 + 2;Descompón según el valor de cada cifra.;1
Q000856;3EP;Matematicas;numeración;descomposicion;2;test;¿Cuál es la descomposición correcta de 6175?;6 + 175|6 + 1 + 7 + 5|6100 + 75|6000 + 100 + 70 + 5;6000 + 100 + 70 + 5;Descompón según el valor de cada cifra.;1
Q000857;3EP;Matematicas;numeración;descomposicion;2;test;¿Cuál es la descomposición correcta de 7280?;7200 + 80|7 + 2 + 8 + 0|7 + 280|7000 + 200 + 80;7000 + 200 + 80;Descompón según el valor de cada cifra.;1
Q000858;3EP;Matematicas;numeración;descomposicion;2;test;¿Cuál es la descomposición correcta de 8341?;8300 + 41|8000 + 300 + 40 + 1|8 + 341|8 + 3 + 4 + 1;8000 + 300 + 40 + 1;Descompón según el valor de cada cifra.;1
Q000859;3EP;Matematicas;numeración;descomposicion;2;test;¿Cuál es la descomposición correcta de 9456?;9 + 4 + 5 + 6|9400 + 56|9 + 456|9000 + 400 + 50 + 6;9000 + 400 + 50 + 6;Descompón según el valor de cada cifra.;1
Q000860;3EP;Matematicas;numeración;descomposicion;2;test;¿Cuál es la descomposición correcta de 2093?;2000 + 93|2 + 93|2000 + 90 + 3|2 + 0 + 9 + 3;2000 + 90 + 3;Descompón según el valor de cada cifra.;1
Q000861;3EP;Matematicas;numeración;composicion;2;test;¿Qué número se forma con 300 + 40 + 8?;448|348|248|358;348;Suma los valores de millares, centenas, decenas y unidades.;1
Q000862;3EP;Matematicas;numeración;composicion;2;test;¿Qué número se forma con 500 + 20 + 6?;626|526|536|426;526;Suma los valores de millares, centenas, decenas y unidades.;1
Q000863;3EP;Matematicas;numeración;composicion;2;test;¿Qué número se forma con 700 + 9?;709|809|719|609;709;Suma los valores de millares, centenas, decenas y unidades.;1
Q000864;3EP;Matematicas;numeración;composicion;2;test;¿Qué número se forma con 900 + 60 + 3?;863|963|1063|973;963;Suma los valores de millares, centenas, decenas y unidades.;1
Q000865;3EP;Matematicas;numeración;composicion;2;test;¿Qué número se forma con 200 + 80 + 5?;285|295|185|385;285;Suma los valores de millares, centenas, decenas y unidades.;1
Q000866;3EP;Matematicas;numeración;composicion;3;test;¿Qué número se forma con 1000 + 400 + 30 + 2?;1532|1432|1442|1332;1432;Suma los valores de millares, centenas, decenas y unidades.;1
Q000867;3EP;Matematicas;numeración;composicion;3;test;¿Qué número se forma con 2000 + 500 + 60 + 7?;2577|2667|2567|2467;2567;Suma los valores de millares, centenas, decenas y unidades.;1
Q000868;3EP;Matematicas;numeración;composicion;3;test;¿Qué número se forma con 4000 + 300 + 20 + 8?;4428|4228|4328|4338;4328;Suma los valores de millares, centenas, decenas y unidades.;1
Q000869;3EP;Matematicas;numeración;composicion;3;test;¿Qué número se forma con 6000 + 700 + 5?;6715|6805|6605|6705;6705;Suma los valores de millares, centenas, decenas y unidades.;1
Q000870;3EP;Matematicas;numeración;composicion;3;test;¿Qué número se forma con 8000 + 100 + 90 + 4?;8204|8094|8294|8194;8194;Suma los valores de millares, centenas, decenas y unidades.;1
Q000871;3EP;Matematicas;números ordinales;ordinales_hasta_20;1;test;¿Cómo se lee el ordinal 1.º?;primero|tercero|segundo|ninguna;primero;Los ordinales indican el lugar que ocupa algo en un orden.;1
Q000872;3EP;Matematicas;números ordinales;ordinales_hasta_20;1;test;¿Cómo se lee el ordinal 2.º?;cuarto|segundo|primero|tercero;segundo;Los ordinales indican el lugar que ocupa algo en un orden.;1
Q000873;3EP;Matematicas;números ordinales;ordinales_hasta_20;1;test;¿Cómo se lee el ordinal 3.º?;primero|segundo|tercero|cuarto;tercero;Los ordinales indican el lugar que ocupa algo en un orden.;1
Q000874;3EP;Matematicas;números ordinales;ordinales_hasta_20;1;test;¿Cómo se lee el ordinal 4.º?;cuarto|tercero|segundo|quinto;cuarto;Los ordinales indican el lugar que ocupa algo en un orden.;1
Q000875;3EP;Matematicas;números ordinales;ordinales_hasta_20;1;test;¿Cómo se lee el ordinal 5.º?;tercero|cuarto|sexto|quinto;quinto;Los ordinales indican el lugar que ocupa algo en un orden.;1
Q000876;3EP;Matematicas;números ordinales;ordinales_hasta_20;1;test;¿Cómo se lee el ordinal 6.º?;séptimo|quinto|sexto|cuarto;sexto;Los ordinales indican el lugar que ocupa algo en un orden.;1
Q000877;3EP;Matematicas;números ordinales;ordinales_hasta_20;1;test;¿Cómo se lee el ordinal 7.º?;sexto|séptimo|octavo|quinto;séptimo;Los ordinales indican el lugar que ocupa algo en un orden.;1
Q000878;3EP;Matematicas;números ordinales;ordinales_hasta_20;1;test;¿Cómo se lee el ordinal 8.º?;séptimo|sexto|octavo|noveno;octavo;Los ordinales indican el lugar que ocupa algo en un orden.;1
Q000879;3EP;Matematicas;números ordinales;ordinales_hasta_20;1;test;¿Cómo se lee el ordinal 9.º?;séptimo|décimo|octavo|noveno;noveno;Los ordinales indican el lugar que ocupa algo en un orden.;1
Q000880;3EP;Matematicas;números ordinales;ordinales_hasta_20;1;test;¿Cómo se lee el ordinal 10.º?;undécimo|décimo|noveno|octavo;décimo;Los ordinales indican el lugar que ocupa algo en un orden.;1
Q000881;3EP;Matematicas;números ordinales;ordinales_hasta_20;2;test;¿Cómo se lee el ordinal 11.º?;décimo|duodécimo|undécimo|noveno;undécimo;Los ordinales indican el lugar que ocupa algo en un orden.;1
Q000882;3EP;Matematicas;números ordinales;ordinales_hasta_20;2;test;¿Cómo se lee el ordinal 12.º?;décimo|duodécimo|undécimo|decimotercero;duodécimo;Los ordinales indican el lugar que ocupa algo en un orden.;1
Q000883;3EP;Matematicas;números ordinales;ordinales_hasta_20;2;test;¿Cómo se lee el ordinal 13.º?;decimocuarto|undécimo|duodécimo|decimotercero;decimotercero;Los ordinales indican el lugar que ocupa algo en un orden.;1
Q000884;3EP;Matematicas;números ordinales;ordinales_hasta_20;2;test;¿Cómo se lee el ordinal 14.º?;decimocuarto|decimotercero|duodécimo|decimoquinto;decimocuarto;Los ordinales indican el lugar que ocupa algo en un orden.;1
Q000885;3EP;Matematicas;números ordinales;ordinales_hasta_20;2;test;¿Cómo se lee el ordinal 15.º?;decimoquinto|decimosexto|decimocuarto|decimotercero;decimoquinto;Los ordinales indican el lugar que ocupa algo en un orden.;1
Q000886;3EP;Matematicas;números ordinales;ordinales_hasta_20;2;test;¿Cómo se lee el ordinal 16.º?;decimoséptimo|decimoquinto|decimosexto|decimocuarto;decimosexto;Los ordinales indican el lugar que ocupa algo en un orden.;1
Q000887;3EP;Matematicas;números ordinales;ordinales_hasta_20;2;test;¿Cómo se lee el ordinal 17.º?;decimosexto|decimoséptimo|decimoctavo|decimoquinto;decimoséptimo;Los ordinales indican el lugar que ocupa algo en un orden.;1
Q000888;3EP;Matematicas;números ordinales;ordinales_hasta_20;2;test;¿Cómo se lee el ordinal 18.º?;decimoctavo|decimoséptimo|decimosexto|decimonoveno;decimoctavo;Los ordinales indican el lugar que ocupa algo en un orden.;1
Q000889;3EP;Matematicas;números ordinales;ordinales_hasta_20;2;test;¿Cómo se lee el ordinal 19.º?;vigésimo|decimonoveno|decimoséptimo|decimoctavo;decimonoveno;Los ordinales indican el lugar que ocupa algo en un orden.;1
Q000890;3EP;Matematicas;números ordinales;ordinales_hasta_20;2;test;¿Cómo se lee el ordinal 20.º?;ninguna|vigésimo|decimoctavo|decimonoveno;vigésimo;Los ordinales indican el lugar que ocupa algo en un orden.;1
Q000891;3EP;Matematicas;números ordinales;ordinales_en_contexto;1;test;Ana llega en la posición 2.ª de una carrera. ¿Qué puesto ocupa?;primero|segundo|tercero|ninguna;segundo;Convierte el número de la posición en un ordinal.;1
Q000892;3EP;Matematicas;números ordinales;ordinales_en_contexto;1;test;Luis llega en la posición 4.ª de una carrera. ¿Qué puesto ocupa?;cuarto|tercero|quinto|segundo;cuarto;Convierte el número de la posición en un ordinal.;1
Q000893;3EP;Matematicas;números ordinales;ordinales_en_contexto;1;test;Marta llega en la posición 6.ª de una carrera. ¿Qué puesto ocupa?;cuarto|sexto|séptimo|quinto;sexto;Convierte el número de la posición en un ordinal.;1
Q000894;3EP;Matematicas;números ordinales;ordinales_en_contexto;1;test;Pablo llega en la posición 8.ª de una carrera. ¿Qué puesto ocupa?;séptimo|octavo|noveno|sexto;octavo;Convierte el número de la posición en un ordinal.;1
Q000895;3EP;Matematicas;números ordinales;ordinales_en_contexto;1;test;Sara llega en la posición 10.ª de una carrera. ¿Qué puesto ocupa?;undécimo|décimo|octavo|noveno;décimo;Convierte el número de la posición en un ordinal.;1
Q000896;3EP;Matematicas;números ordinales;ordinales_en_contexto;2;test;Diego llega en la posición 12.ª de una carrera. ¿Qué puesto ocupa?;undécimo|decimotercero|décimo|duodécimo;duodécimo;Convierte el número de la posición en un ordinal.;1
Q000897;3EP;Matematicas;números ordinales;ordinales_en_contexto;2;test;Elena llega en la posición 14.ª de una carrera. ¿Qué puesto ocupa?;decimotercero|decimoquinto|decimocuarto|duodécimo;decimocuarto;Convierte el número de la posición en un ordinal.;1
Q000898;3EP;Matematicas;números ordinales;ordinales_en_contexto;2;test;Hugo llega en la posición 16.ª de una carrera. ¿Qué puesto ocupa?;decimosexto|decimoquinto|decimoséptimo|decimocuarto;decimosexto;Convierte el número de la posición en un ordinal.;1
Q000899;3EP;Matematicas;números ordinales;ordinales_en_contexto;2;test;Clara llega en la posición 18.ª de una carrera. ¿Qué puesto ocupa?;decimoséptimo|decimonoveno|decimoctavo|decimosexto;decimoctavo;Convierte el número de la posición en un ordinal.;1
Q000900;3EP;Matematicas;números ordinales;ordinales_en_contexto;2;test;Mario llega en la posición 20.ª de una carrera. ¿Qué puesto ocupa?;ninguna|decimonoveno|vigésimo|decimoctavo;vigésimo;Convierte el número de la posición en un ordinal.;1
Q000901;3EP;Matematicas;números ordinales;ordinales_en_contexto;1;test;Lucía llega en la posición 3.ª de una carrera. ¿Qué puesto ocupa?;cuarto|tercero|segundo|primero;tercero;Convierte el número de la posición en un ordinal.;1
Q000902;3EP;Matematicas;números ordinales;ordinales_en_contexto;1;test;Álex llega en la posición 7.ª de una carrera. ¿Qué puesto ocupa?;sexto|quinto|séptimo|octavo;séptimo;Convierte el número de la posición en un ordinal.;1
Q000903;3EP;Matematicas;números ordinales;ordinales_en_contexto;2;test;Irene llega en la posición 11.ª de una carrera. ¿Qué puesto ocupa?;duodécimo|undécimo|décimo|noveno;undécimo;Convierte el número de la posición en un ordinal.;1
Q000904;3EP;Matematicas;números ordinales;ordinales_en_contexto;2;test;Bruno llega en la posición 15.ª de una carrera. ¿Qué puesto ocupa?;decimotercero|decimosexto|decimoquinto|decimocuarto;decimoquinto;Convierte el número de la posición en un ordinal.;1
Q000905;3EP;Matematicas;números ordinales;ordinales_en_contexto;2;test;Nora llega en la posición 19.ª de una carrera. ¿Qué puesto ocupa?;decimonoveno|decimoséptimo|vigésimo|decimoctavo;decimonoveno;Convierte el número de la posición en un ordinal.;1
Q000906;3EP;Matematicas;números ordinales;secuencia_ordinal;2;test;¿Qué ordinal va justo antes de quinto?;tercero|quinto|segundo|cuarto;cuarto;Piensa en la posición anterior o siguiente de la serie ordinal.;1
Q000907;3EP;Matematicas;números ordinales;secuencia_ordinal;2;test;¿Qué ordinal va justo después de octavo?;séptimo|noveno|octavo|décimo;noveno;Piensa en la posición anterior o siguiente de la serie ordinal.;1
Q000908;3EP;Matematicas;números ordinales;secuencia_ordinal;3;test;¿Qué ordinal va justo antes de undécimo?;octavo|undécimo|décimo|noveno;décimo;Piensa en la posición anterior o siguiente de la serie ordinal.;1
Q000909;3EP;Matematicas;números ordinales;secuencia_ordinal;3;test;¿Qué ordinal va justo después de decimocuarto?;decimocuarto|decimotercero|decimoquinto|decimosexto;decimoquinto;Piensa en la posición anterior o siguiente de la serie ordinal.;1
Q000910;3EP;Matematicas;números ordinales;secuencia_ordinal;3;test;¿Qué ordinal va justo antes de decimoséptimo?;decimoséptimo|decimocuarto|decimoquinto|decimosexto;decimosexto;Piensa en la posición anterior o siguiente de la serie ordinal.;1
Q000911;3EP;Matematicas;números ordinales;secuencia_ordinal;3;test;¿Qué ordinal va justo después de decimonoveno?;ninguna|decimonoveno|vigésimo|decimoctavo;vigésimo;Piensa en la posición anterior o siguiente de la serie ordinal.;1
Q000912;3EP;Matematicas;números ordinales;secuencia_ordinal;2;test;¿Qué ordinal va justo antes de sexto?;cuarto|sexto|quinto|tercero;quinto;Piensa en la posición anterior o siguiente de la serie ordinal.;1
Q000913;3EP;Matematicas;números ordinales;secuencia_ordinal;2;test;¿Qué ordinal va justo después de noveno?;undécimo|noveno|décimo|octavo;décimo;Piensa en la posición anterior o siguiente de la serie ordinal.;1
Q000914;3EP;Matematicas;números ordinales;secuencia_ordinal;3;test;¿Qué ordinal va justo antes de duodécimo?;noveno|décimo|undécimo|duodécimo;undécimo;Piensa en la posición anterior o siguiente de la serie ordinal.;1
Q000915;3EP;Matematicas;números ordinales;secuencia_ordinal;3;test;¿Qué ordinal va justo después de decimoquinto?;decimoséptimo|decimoquinto|decimocuarto|decimosexto;decimosexto;Piensa en la posición anterior o siguiente de la serie ordinal.;1
Q000916;3EP;Matematicas;números ordinales;secuencia_ordinal;3;test;¿Qué ordinal va justo antes de decimoctavo?;decimoctavo|decimoséptimo|decimoquinto|decimosexto;decimoséptimo;Piensa en la posición anterior o siguiente de la serie ordinal.;1
Q000917;3EP;Matematicas;números ordinales;secuencia_ordinal;2;test;¿Qué ordinal va justo después de séptimo?;séptimo|sexto|octavo|noveno;octavo;Piensa en la posición anterior o siguiente de la serie ordinal.;1
Q000918;3EP;Matematicas;números ordinales;secuencia_ordinal;2;test;¿Qué ordinal va justo antes de décimo?;décimo|noveno|séptimo|octavo;noveno;Piensa en la posición anterior o siguiente de la serie ordinal.;1
Q000919;3EP;Matematicas;números ordinales;secuencia_ordinal;3;test;¿Qué ordinal va justo después de decimotercero?;decimocuarto|decimotercero|duodécimo|decimoquinto;decimocuarto;Piensa en la posición anterior o siguiente de la serie ordinal.;1
Q000920;3EP;Matematicas;números ordinales;secuencia_ordinal;3;test;¿Qué ordinal va justo antes de decimosexto?;decimocuarto|decimoquinto|decimotercero|decimosexto;decimoquinto;Piensa en la posición anterior o siguiente de la serie ordinal.;1
Q000921;3EP;Matematicas;resolución de problemas;problemas_suma;1;test;En una caja hay 126 cromos y en otra hay 83. ¿Cuántos cromos hay en total?;219|199|209|43;209;“En total” indica que debes juntar las dos cantidades.;1
Q000922;3EP;Matematicas;resolución de problemas;problemas_suma;1;test;En una caja hay 143 canicas y en otra hay 94. ¿Cuántos canicas hay en total?;237|227|247|49;237;“En total” indica que debes juntar las dos cantidades.;1
Q000923;3EP;Matematicas;resolución de problemas;problemas_suma;1;test;En una caja hay 160 pegatinas y en otra hay 105. ¿Cuántos pegatinas hay en total?;265|255|55|275;265;“En total” indica que debes juntar las dos cantidades.;1
Q000924;3EP;Matematicas;resolución de problemas;problemas_suma;1;test;En una caja hay 177 libros y en otra hay 116. ¿Cuántos libros hay en total?;283|61|293|303;293;“En total” indica que debes juntar las dos cantidades.;1
Q000925;3EP;Matematicas;resolución de problemas;problemas_suma;1;test;En una caja hay 194 lápices y en otra hay 127. ¿Cuántos lápices hay en total?;331|311|67|321;321;“En total” indica que debes juntar las dos cantidades.;1
Q000926;3EP;Matematicas;resolución de problemas;problemas_suma;1;test;En una caja hay 211 cuadernos y en otra hay 138. ¿Cuántos cuadernos hay en total?;73|349|339|359;349;“En total” indica que debes juntar las dos cantidades.;1
Q000927;3EP;Matematicas;resolución de problemas;problemas_suma;1;test;En una caja hay 228 caramelos y en otra hay 149. ¿Cuántos caramelos hay en total?;367|79|387|377;377;“En total” indica que debes juntar las dos cantidades.;1
Q000928;3EP;Matematicas;resolución de problemas;problemas_suma;1;test;En una caja hay 245 globos y en otra hay 160. ¿Cuántos globos hay en total?;405|395|415|85;405;“En total” indica que debes juntar las dos cantidades.;1
Q000929;3EP;Matematicas;resolución de problemas;problemas_suma;2;test;En una caja hay 262 fichas y en otra hay 171. ¿Cuántos fichas hay en total?;433|443|423|91;433;“En total” indica que debes juntar las dos cantidades.;1
Q000930;3EP;Matematicas;resolución de problemas;problemas_suma;2;test;En una caja hay 279 flores y en otra hay 182. ¿Cuántos flores hay en total?;461|97|471|451;461;“En total” indica que debes juntar las dos cantidades.;1
Q000931;3EP;Matematicas;resolución de problemas;problemas_suma;2;test;En una caja hay 296 naranjas y en otra hay 193. ¿Cuántos naranjas hay en total?;499|489|479|103;489;“En total” indica que debes juntar las dos cantidades.;1
Q000932;3EP;Matematicas;resolución de problemas;problemas_suma;2;test;En una caja hay 313 manzanas y en otra hay 204. ¿Cuántos manzanas hay en total?;527|109|507|517;517;“En total” indica que debes juntar las dos cantidades.;1
Q000933;3EP;Matematicas;resolución de problemas;problemas_suma;2;test;En una caja hay 330 galletas y en otra hay 215. ¿Cuántos galletas hay en total?;555|535|115|545;545;“En total” indica que debes juntar las dos cantidades.;1
Q000934;3EP;Matematicas;resolución de problemas;problemas_suma;2;test;En una caja hay 347 botones y en otra hay 226. ¿Cuántos botones hay en total?;573|583|121|563;573;“En total” indica que debes juntar las dos cantidades.;1
Q000935;3EP;Matematicas;resolución de problemas;problemas_suma;2;test;En una caja hay 364 conchas y en otra hay 237. ¿Cuántos conchas hay en total?;591|611|127|601;601;“En total” indica que debes juntar las dos cantidades.;1
Q000936;3EP;Matematicas;resolución de problemas;problemas_resta;1;test;Había 420 lápices. Se utilizaron 75. ¿Cuántos lápices quedan?;355|495|345|335;345;Si una cantidad disminuye, piensa en una resta.;1
Q000937;3EP;Matematicas;resolución de problemas;problemas_resta;1;test;Había 443 cuadernos. Se utilizaron 84. ¿Cuántos cuadernos quedan?;349|359|369|527;359;Si una cantidad disminuye, piensa en una resta.;1
Q000938;3EP;Matematicas;resolución de problemas;problemas_resta;1;test;Había 466 caramelos. Se utilizaron 93. ¿Cuántos caramelos quedan?;363|383|559|373;373;Si una cantidad disminuye, piensa en una resta.;1
Q000939;3EP;Matematicas;resolución de problemas;problemas_resta;1;test;Había 489 globos. Se utilizaron 102. ¿Cuántos globos quedan?;387|397|591|377;387;Si una cantidad disminuye, piensa en una resta.;1
Q000940;3EP;Matematicas;resolución de problemas;problemas_resta;1;test;Había 512 fichas. Se utilizaron 111. ¿Cuántos fichas quedan?;623|411|391|401;401;Si una cantidad disminuye, piensa en una resta.;1
Q000941;3EP;Matematicas;resolución de problemas;problemas_resta;1;test;Había 535 flores. Se utilizaron 120. ¿Cuántos flores quedan?;425|655|415|405;415;Si una cantidad disminuye, piensa en una resta.;1
Q000942;3EP;Matematicas;resolución de problemas;problemas_resta;1;test;Había 558 naranjas. Se utilizaron 129. ¿Cuántos naranjas quedan?;687|419|429|439;429;Si una cantidad disminuye, piensa en una resta.;1
Q000943;3EP;Matematicas;resolución de problemas;problemas_resta;2;test;Había 581 manzanas. Se utilizaron 138. ¿Cuántos manzanas quedan?;453|433|443|719;443;Si una cantidad disminuye, piensa en una resta.;1
Q000944;3EP;Matematicas;resolución de problemas;problemas_resta;2;test;Había 604 galletas. Se utilizaron 147. ¿Cuántos galletas quedan?;467|751|457|447;457;Si una cantidad disminuye, piensa en una resta.;1
Q000945;3EP;Matematicas;resolución de problemas;problemas_resta;2;test;Había 627 botones. Se utilizaron 156. ¿Cuántos botones quedan?;471|461|481|783;471;Si una cantidad disminuye, piensa en una resta.;1
Q000946;3EP;Matematicas;resolución de problemas;problemas_resta;2;test;Había 650 conchas. Se utilizaron 165. ¿Cuántos conchas quedan?;815|475|485|495;485;Si una cantidad disminuye, piensa en una resta.;1
Q000947;3EP;Matematicas;resolución de problemas;problemas_resta;2;test;Había 673 cromos. Se utilizaron 174. ¿Cuántos cromos quedan?;499|509|489|847;499;Si una cantidad disminuye, piensa en una resta.;1
Q000948;3EP;Matematicas;resolución de problemas;problemas_resta;2;test;Había 696 canicas. Se utilizaron 183. ¿Cuántos canicas quedan?;513|503|879|523;513;Si una cantidad disminuye, piensa en una resta.;1
Q000949;3EP;Matematicas;resolución de problemas;problemas_resta;2;test;Había 719 pegatinas. Se utilizaron 192. ¿Cuántos pegatinas quedan?;911|527|537|517;527;Si una cantidad disminuye, piensa en una resta.;1
Q000950;3EP;Matematicas;resolución de problemas;problemas_resta;2;test;Había 742 libros. Se utilizaron 201. ¿Cuántos libros quedan?;551|943|541|531;541;Si una cantidad disminuye, piensa en una resta.;1
Q000951;3EP;Matematicas;resolución de problemas;problemas_multiplicacion;2;test;Hay 3 bolsas con 4 canicas en cada una. ¿Cuántos canicas hay en total?;8|7|15|12;12;Si hay varios grupos iguales, puedes multiplicar.;1
Q000952;3EP;Matematicas;resolución de problemas;problemas_multiplicacion;2;test;Hay 4 cajas con 6 lápices en cada una. ¿Cuántos lápices hay en total?;24|18|28|10;24;Si hay varios grupos iguales, puedes multiplicar.;1
Q000953;3EP;Matematicas;resolución de problemas;problemas_multiplicacion;2;test;Hay 5 paquetes con 8 cromos en cada una. ¿Cuántos cromos hay en total?;45|32|40|13;40;Si hay varios grupos iguales, puedes multiplicar.;1
Q000954;3EP;Matematicas;resolución de problemas;problemas_multiplicacion;2;test;Hay 6 bandejas con 10 magdalenas en cada una. ¿Cuántos magdalenas hay en total?;16|60|66|50;60;Si hay varios grupos iguales, puedes multiplicar.;1
Q000955;3EP;Matematicas;resolución de problemas;problemas_multiplicacion;2;test;Hay 7 filas con 5 sillas en cada una. ¿Cuántos sillas hay en total?;12|35|30|42;35;Si hay varios grupos iguales, puedes multiplicar.;1
Q000956;3EP;Matematicas;resolución de problemas;problemas_multiplicacion;2;test;Hay 8 estuches con 7 rotuladores en cada una. ¿Cuántos rotuladores hay en total?;64|56|15|49;56;Si hay varios grupos iguales, puedes multiplicar.;1
Q000957;3EP;Matematicas;resolución de problemas;problemas_multiplicacion;2;test;Hay 3 cestas con 9 manzanas en cada una. ¿Cuántos manzanas hay en total?;12|30|18|27;27;Si hay varios grupos iguales, puedes multiplicar.;1
Q000958;3EP;Matematicas;resolución de problemas;problemas_multiplicacion;2;test;Hay 4 sobres con 4 pegatinas en cada una. ¿Cuántos pegatinas hay en total?;20|8|16|12;16;Si hay varios grupos iguales, puedes multiplicar.;1
Q000959;3EP;Matematicas;resolución de problemas;problemas_multiplicacion;2;test;Hay 5 equipos con 6 niños en cada una. ¿Cuántos niños hay en total?;11|35|24|30;30;Si hay varios grupos iguales, puedes multiplicar.;1
Q000960;3EP;Matematicas;resolución de problemas;problemas_multiplicacion;2;test;Hay 6 ramos con 8 flores en cada una. ¿Cuántos flores hay en total?;48|14|40|54;48;Si hay varios grupos iguales, puedes multiplicar.;1
Q000961;3EP;Matematicas;resolución de problemas;problemas_multiplicacion;2;test;Hay 7 botes con 10 pinceles en cada una. ¿Cuántos pinceles hay en total?;17|77|60|70;70;Si hay varios grupos iguales, puedes multiplicar.;1
Q000962;3EP;Matematicas;resolución de problemas;problemas_multiplicacion;2;test;Hay 8 platos con 5 galletas en cada una. ¿Cuántos galletas hay en total?;35|48|40|13;40;Si hay varios grupos iguales, puedes multiplicar.;1
Q000963;3EP;Matematicas;resolución de problemas;problemas_multiplicacion;2;test;Hay 3 cajas con 7 pelotas en cada una. ¿Cuántos pelotas hay en total?;21|24|14|10;21;Si hay varios grupos iguales, puedes multiplicar.;1
Q000964;3EP;Matematicas;resolución de problemas;problemas_multiplicacion;2;test;Hay 4 mesas con 9 cuadernos en cada una. ¿Cuántos cuadernos hay en total?;27|13|36|40;36;Si hay varios grupos iguales, puedes multiplicar.;1
Q000965;3EP;Matematicas;resolución de problemas;problemas_multiplicacion;2;test;Hay 5 álbumes con 4 fotos en cada una. ¿Cuántos fotos hay en total?;16|25|20|9;20;Si hay varios grupos iguales, puedes multiplicar.;1
Q000966;3EP;Matematicas;resolución de problemas;problemas_dos_pasos;3;test;Una tienda tenía 180 fichas. Recibió 65 más y después vendió 34. ¿Cuántos fichas tiene ahora?;279|221|211|81;211;Resuelve primero lo que recibe y después lo que vende.;1
Q000967;3EP;Matematicas;resolución de problemas;problemas_dos_pasos;3;test;Una tienda tenía 201 flores. Recibió 72 más y después vendió 39. ¿Cuántos flores tiene ahora?;234|90|312|244;234;Resuelve primero lo que recibe y después lo que vende.;1
Q000968;3EP;Matematicas;resolución de problemas;problemas_dos_pasos;3;test;Una tienda tenía 222 naranjas. Recibió 79 más y después vendió 44. ¿Cuántos naranjas tiene ahora?;345|99|257|267;257;Resuelve primero lo que recibe y después lo que vende.;1
Q000969;3EP;Matematicas;resolución de problemas;problemas_dos_pasos;3;test;Una tienda tenía 243 manzanas. Recibió 86 más y después vendió 49. ¿Cuántos manzanas tiene ahora?;280|378|290|108;280;Resuelve primero lo que recibe y después lo que vende.;1
Q000970;3EP;Matematicas;resolución de problemas;problemas_dos_pasos;3;test;Una tienda tenía 264 galletas. Recibió 93 más y después vendió 54. ¿Cuántos galletas tiene ahora?;303|411|313|117;303;Resuelve primero lo que recibe y después lo que vende.;1
Q000971;3EP;Matematicas;resolución de problemas;problemas_dos_pasos;3;test;Una tienda tenía 285 botones. Recibió 100 más y después vendió 59. ¿Cuántos botones tiene ahora?;444|126|336|326;326;Resuelve primero lo que recibe y después lo que vende.;1
Q000972;3EP;Matematicas;resolución de problemas;problemas_dos_pasos;3;test;Una tienda tenía 306 conchas. Recibió 107 más y después vendió 64. ¿Cuántos conchas tiene ahora?;359|135|349|477;349;Resuelve primero lo que recibe y después lo que vende.;1
Q000973;3EP;Matematicas;resolución de problemas;problemas_dos_pasos;3;test;Una tienda tenía 327 cromos. Recibió 114 más y después vendió 69. ¿Cuántos cromos tiene ahora?;144|372|382|510;372;Resuelve primero lo que recibe y después lo que vende.;1
Q000974;3EP;Matematicas;resolución de problemas;problemas_dos_pasos;3;test;Una tienda tenía 348 canicas. Recibió 121 más y después vendió 74. ¿Cuántos canicas tiene ahora?;405|153|395|543;395;Resuelve primero lo que recibe y después lo que vende.;1
Q000975;3EP;Matematicas;resolución de problemas;problemas_dos_pasos;3;test;Una tienda tenía 369 pegatinas. Recibió 128 más y después vendió 79. ¿Cuántos pegatinas tiene ahora?;418|576|162|428;418;Resuelve primero lo que recibe y después lo que vende.;1
Q000976;3EP;Matematicas;resolución de problemas;problemas_dos_pasos;3;test;Una tienda tenía 390 libros. Recibió 135 más y después vendió 84. ¿Cuántos libros tiene ahora?;171|451|609|441;441;Resuelve primero lo que recibe y después lo que vende.;1
Q000977;3EP;Matematicas;resolución de problemas;problemas_dos_pasos;3;test;Una tienda tenía 411 lápices. Recibió 142 más y después vendió 89. ¿Cuántos lápices tiene ahora?;642|180|464|474;464;Resuelve primero lo que recibe y después lo que vende.;1
Q000978;3EP;Matematicas;resolución de problemas;problemas_dos_pasos;3;test;Una tienda tenía 432 cuadernos. Recibió 149 más y después vendió 94. ¿Cuántos cuadernos tiene ahora?;675|189|497|487;487;Resuelve primero lo que recibe y después lo que vende.;1
Q000979;3EP;Matematicas;resolución de problemas;problemas_dos_pasos;3;test;Una tienda tenía 453 caramelos. Recibió 156 más y después vendió 99. ¿Cuántos caramelos tiene ahora?;510|708|198|520;510;Resuelve primero lo que recibe y después lo que vende.;1
Q000980;3EP;Matematicas;resolución de problemas;problemas_dos_pasos;3;test;Una tienda tenía 474 globos. Recibió 163 más y después vendió 104. ¿Cuántos globos tiene ahora?;741|207|543|533;533;Resuelve primero lo que recibe y después lo que vende.;1
